{"type": "FeatureCollection", "features": [{"type": "Feature", "geometry": {"type": "Point", "coordinates": [18.416874, 59.46122]}, "properties": {"sighting_id": 1132, "icao": "4a9755", "time": 1791033000.45, "alt_ft": 425}}, {"type": "Feature", "geometry": {"type": "Point", "coordinates": [18.630539, 59.31188]}, "properties": {"sighting_id": 1132, "icao": "4aca4f", "time": 1791033000.92, "alt_ft": 14750}}, {"type": "Feature", "geometry": {"type": "Point", "coordinates": [17.955872, 59.437912]}, "properties": {"sighting_id": 1132, "icao": "4aab15", "time": 1791033000.95, "alt_ft": 575}}, {"type": "Feature", "geometry": {"type": "Point", "coordinates": [18.118378, 59.665237]}, "properties": {"sighting_id": 1132, "icao": "4ac9ef", "time": 1791033001.04, "alt_ft": 5425}}, {"type": "Feature", "geometry": {"type": "Point", "coordinates": [17.672974, 59.502319]}, "properties": {"sighting_id": 1132, "icao": "4caff8", "time": 1791033001.26, "alt_ft": 6175}}, {"type": "Feature", "geometry": {"type": "Point", "coordinates": [17.915314, 59.643723]}, "properties": {"sighting_id": 1132, "icao": "4ab56f", "time": 1791033002.03, "alt_ft": 375}}, {"type": "Feature", "geometry": {"type": "Point", "coordinates": [18.021745, 59.268354]}, "properties": {"sighting_id": 1132, "icao": "4aacaf", "time": 1791033002.35, "alt_ft": 1000}}, {"type": "Feature", "geometry": {"type": "Point", "coordinates": [18.118378, 59.667068]}, "properties": {"sighting_id": 1132, "icao": "4ac9ef", "time": 1791033002.54, "alt_ft": 5350}}, {"type": "Feature", "geometry": {"type": "Point", "coordinates": [18.415375, 59.461212]}, "properties": {"sighting_id": 1132, "icao": "4a9755", "time": 1791033002.58, "alt_ft": 400}}, {"type": "Feature", "geometry": {"type": "Point", "coordinates": [17.670959, 59.500259]}, "properties": {"sighting_id": 1132, "icao": "4caff8", "time": 1791033002.87, "alt_ft": 6250}}, {"type": "Feature", "geometry": {"type": "Point", "coordinates": [18.63537, 59.309506]}, "properties": {"sighting_id": 1132, "icao": "4aca4f", "time": 1791033002.95, "alt_ft": 14850}}, {"type": "Feature", "geometry": {"type": "Point", "coordinates": [18.306064, 59.43664]}, "properties": {"sighting_id": 1132, "icao": "4aca8a", "time": 1791033003.12, "alt_ft": 9300}}, {"type": "Feature", "geometry": {"type": "Point", "coordinates": [18.414791, 59.461266]}, "properties": {"sighting_id": 1132, "icao": "4a9755", "time": 1791033003.75, "alt_ft": 400}}, {"type": "Feature", "geometry": {"type": "Point", "coordinates": [17.915007, 59.642774]}, "properties": {"sighting_id": 1132, "icao": "4ab56f", "time": 1791033003.9, "alt_ft": 450}}, {"type": "Feature", "geometry": {"type": "Point", "coordinates": [18.118378, 59.669083]}, "properties": {"sighting_id": 1132, "icao": "4ac9ef", "time": 1791033004.13, "alt_ft": 5275}}, {"type": "Feature", "geometry": {"type": "Point", "coordinates": [17.958763, 59.436454]}, "properties": {"sighting_id": 1132, "icao": "4aab15", "time": 1791033004.43, "alt_ft": 575}}, {"type": "Feature", "geometry": {"type": "Point", "coordinates": [17.669046, 59.498182]}, "properties": {"sighting_id": 1132, "icao": "4caff8", "time": 1791033004.5, "alt_ft": 6325}}, {"type": "Feature", "geometry": {"type": "Point", "coordinates": [18.318755, 59.246335]}, "properties": {"sighting_id": 1132, "icao": "4aad15", "time": 1791033004.59, "alt_ft": 750}}, {"type": "Feature", "geometry": {"type": "Point", "coordinates": [18.414185, 59.461395]}, "properties": {"sighting_id": 1132, "icao": "4a9755", "time": 1791033004.82, "alt_ft": 375}}, {"type": "Feature", "geometry": {"type": "Point", "coordinates": [18.640484, 59.306992]}, "properties": {"sighting_id": 1132, "icao": "4aca4f", "time": 1791033005.03, "alt_ft": 14975}}, {"type": "Feature", "geometry": {"type": "Point", "coordinates": [18.019501, 59.268951]}, "properties": {"sighting_id": 1132, "icao": "4aacaf", "time": 1791033005.41, "alt_ft": 1000}}, {"type": "Feature", "geometry": {"type": "Point", "coordinates": [18.116547, 59.435669]}, "properties": {"sighting_id": 1132, "icao": "4aca53", "time": 1791033005.55, "alt_ft": 8850}}, {"type": "Feature", "geometry": {"type": "Point", "coordinates": [18.118444, 59.671264]}, "properties": {"sighting_id": 1132, "icao": "4ac9ef", "time": 1791033005.93, "alt_ft": 5200}}, {"type": "Feature", "geometry": {"type": "Point", "coordinates": [17.914534, 59.641749]}, "properties": {"sighting_id": 1132, "icao": "4ab56f", "time": 1791033006.0, "alt_ft": 525}}, {"type": "Feature", "geometry": {"type": "Point", "coordinates": [17.667247, 59.496181]}, "properties": {"sighting_id": 1132, "icao": "4caff8", "time": 1791033006.07, "alt_ft": 6400}}, {"type": "Feature", "geometry": {"type": "Point", "coordinates": [17.960373, 59.435477]}, "properties": {"sighting_id": 1132, "icao": "4aab15", "time": 1791033006.47, "alt_ft": 550}}, {"type": "Feature", "geometry": {"type": "Point", "coordinates": [18.31885, 59.245078]}, "properties": {"sighting_id": 1132, "icao": "4aad15", "time": 1791033007.19, "alt_ft": 750}}, {"type": "Feature", "geometry": {"type": "Point", "coordinates": [18.312927, 59.431961]}, "properties": {"sighting_id": 1132, "icao": "4aca8a", "time": 1791033007.3, "alt_ft": 9500}}, {"type": "Feature", "geometry": {"type": "Point", "coordinates": [18.118444, 59.673126]}, "properties": {"sighting_id": 1132, "icao": "4ac9ef", "time": 1791033007.4, "alt_ft": 5125}}, {"type": "Feature", "geometry": {"type": "Point", "coordinates": [17.665069, 59.493946]}, "properties": {"sighting_id": 1132, "icao": "4caff8", "time": 1791033007.83, "alt_ft": 6475}}, {"type": "Feature", "geometry": {"type": "Point", "coordinates": [17.914032, 59.640793]}, "properties": {"sighting_id": 1132, "icao": "4ab56f", "time": 1791033007.99, "alt_ft": 600}}, {"type": "Feature", "geometry": {"type": "Point", "coordinates": [18.318944, 59.244426]}, "properties": {"sighting_id": 1132, "icao": "4aad15", "time": 1791033008.67, "alt_ft": 750}}, {"type": "Feature", "geometry": {"type": "Point", "coordinates": [18.411286, 59.462011]}, "properties": {"sighting_id": 1132, "icao": "4a9755", "time": 1791033008.93, "alt_ft": 400}}, {"type": "Feature", "geometry": {"type": "Point", "coordinates": [18.118444, 59.6755]}, "properties": {"sighting_id": 1132, "icao": "4ac9ef", "time": 1791033009.26, "alt_ft": 5050}}, {"type": "Feature", "geometry": {"type": "Point", "coordinates": [17.962738, 59.434158]}, "properties": {"sighting_id": 1132, "icao": "4aab15", "time": 1791033009.27, "alt_ft": 575}}, {"type": "Feature", "geometry": {"type": "Point", "coordinates": [17.662701, 59.491339]}, "properties": {"sighting_id": 1132, "icao": "4caff8", "time": 1791033009.85, "alt_ft": 6550}}, {"type": "Feature", "geometry": {"type": "Point", "coordinates": [17.913587, 59.639794]}, "properties": {"sighting_id": 1132, "icao": "4ab56f", "time": 1791033010.02, "alt_ft": 675}}, {"type": "Feature", "geometry": {"type": "Point", "coordinates": [18.410245, 59.462104]}, "properties": {"sighting_id": 1132, "icao": "4a9755", "time": 1791033010.39, "alt_ft": 425}}, {"type": "Feature", "geometry": {"type": "Point", "coordinates": [18.118349, 59.677502]}, "properties": {"sighting_id": 1132, "icao": "4ac9ef", "time": 1791033010.9, "alt_ft": 4975}}, {"type": "Feature", "geometry": {"type": "Point", "coordinates": [18.319039, 59.243169]}, "properties": {"sighting_id": 1132, "icao": "4aad15", "time": 1791033011.15, "alt_ft": 750}}, {"type": "Feature", "geometry": {"type": "Point", "coordinates": [18.656111, 59.299404]}, "properties": {"sighting_id": 1132, "icao": "4aca4f", "time": 1791033011.44, "alt_ft": 15325}}, {"type": "Feature", "geometry": {"type": "Point", "coordinates": [17.660706, 59.489227]}, "properties": {"sighting_id": 1132, "icao": "4caff8", "time": 1791033011.52, "alt_ft": 6625}}, {"type": "Feature", "geometry": {"type": "Point", "coordinates": [18.409332, 59.462036]}, "properties": {"sighting_id": 1132, "icao": "4a9755", "time": 1791033011.9, "alt_ft": 425}}, {"type": "Feature", "geometry": {"type": "Point", "coordinates": [17.913116, 59.638779]}, "properties": {"sighting_id": 1132, "icao": "4ab56f", "time": 1791033012.16, "alt_ft": 750}}, {"type": "Feature", "geometry": {"type": "Point", "coordinates": [18.321259, 59.426422]}, "properties": {"sighting_id": 1132, "icao": "4aca8a", "time": 1791033012.34, "alt_ft": 9700}}, {"type": "Feature", "geometry": {"type": "Point", "coordinates": [18.118378, 59.679932]}, "properties": {"sighting_id": 1132, "icao": "4ac9ef", "time": 1791033012.81, "alt_ft": 4900}}, {"type": "Feature", "geometry": {"type": "Point", "coordinates": [18.116821, 59.445648]}, "properties": {"sighting_id": 1132, "icao": "4aca53", "time": 1791033013.22, "alt_ft": 8650}}, {"type": "Feature", "geometry": {"type": "Point", "coordinates": [18.408508, 59.461945]}, "properties": {"sighting_id": 1132, "icao": "4a9755", "time": 1791033013.36, "alt_ft": 425}}, {"type": "Feature", "geometry": {"type": "Point", "coordinates": [17.658325, 59.486572]}, "properties": {"sighting_id": 1132, "icao": "4caff8", "time": 1791033013.61, "alt_ft": 6700}}, {"type": "Feature", "geometry": {"type": "Point", "coordinates": [17.91264, 59.637746]}, "properties": {"sighting_id": 1132, "icao": "4ab56f", "time": 1791033014.28, "alt_ft": 825}}, {"type": "Feature", "geometry": {"type": "Point", "coordinates": [18.407877, 59.461825]}, "properties": {"sighting_id": 1132, "icao": "4a9755", "time": 1791033014.41, "alt_ft": 425}}, {"type": "Feature", "geometry": {"type": "Point", "coordinates": [18.118378, 59.682541]}, "properties": {"sighting_id": 1132, "icao": "4ac9ef", "time": 1791033014.96, "alt_ft": 4825}}, {"type": "Feature", "geometry": {"type": "Point", "coordinates": [18.664948, 59.295135]}, "properties": {"sighting_id": 1132, "icao": "4aca4f", "time": 1791033015.11, "alt_ft": 15500}}, {"type": "Feature", "geometry": {"type": "Point", "coordinates": [18.012451, 59.270966]}, "properties": {"sighting_id": 1132, "icao": "4aacaf", "time": 1791033015.4, "alt_ft": 950}}, {"type": "Feature", "geometry": {"type": "Point", "coordinates": [18.407119, 59.461592]}, "properties": {"sighting_id": 1132, "icao": "4a9755", "time": 1791033015.53, "alt_ft": 425}}, {"type": "Feature", "geometry": {"type": "Point", "coordinates": [18.319134, 59.241121]}, "properties": {"sighting_id": 1132, "icao": "4aad15", "time": 1791033015.6, "alt_ft": 775}}, {"type": "Feature", "geometry": {"type": "Point", "coordinates": [17.655882, 59.483891]}, "properties": {"sighting_id": 1132, "icao": "4caff8", "time": 1791033015.62, "alt_ft": 6775}}, {"type": "Feature", "geometry": {"type": "Point", "coordinates": [18.011706, 59.271194]}, "properties": {"sighting_id": 1132, "icao": "4aacaf", "time": 1791033016.3, "alt_ft": 950}}, {"type": "Feature", "geometry": {"type": "Point", "coordinates": [17.912261, 59.636722]}, "properties": {"sighting_id": 1132, "icao": "4ab56f", "time": 1791033016.36, "alt_ft": 900}}, {"type": "Feature", "geometry": {"type": "Point", "coordinates": [18.118349, 59.68495]}, "properties": {"sighting_id": 1132, "icao": "4ac9ef", "time": 1791033017.01, "alt_ft": 4750}}, {"type": "Feature", "geometry": {"type": "Point", "coordinates": [18.406362, 59.461266]}, "properties": {"sighting_id": 1132, "icao": "4a9755", "time": 1791033017.14, "alt_ft": 425}}, {"type": "Feature", "geometry": {"type": "Point", "coordinates": [18.329931, 59.420813]}, "properties": {"sighting_id": 1132, "icao": "4aca8a", "time": 1791033017.39, "alt_ft": 9900}}, {"type": "Feature", "geometry": {"type": "Point", "coordinates": [17.969466, 59.430216]}, "properties": {"sighting_id": 1132, "icao": "4aab15", "time": 1791033017.69, "alt_ft": 550}}, {"type": "Feature", "geometry": {"type": "Point", "coordinates": [17.653198, 59.480988]}, "properties": {"sighting_id": 1132, "icao": "4caff8", "time": 1791033017.88, "alt_ft": 6850}}, {"type": "Feature", "geometry": {"type": "Point", "coordinates": [18.010437, 59.271561]}, "properties": {"sighting_id": 1132, "icao": "4aacaf", "time": 1791033018.1, "alt_ft": 950}}, {"type": "Feature", "geometry": {"type": "Point", "coordinates": [17.912109, 59.635666]}, "properties": {"sighting_id": 1132, "icao": "4ab56f", "time": 1791033018.39, "alt_ft": 975}}, {"type": "Feature", "geometry": {"type": "Point", "coordinates": [18.318944, 59.239864]}, "properties": {"sighting_id": 1132, "icao": "4aad15", "time": 1791033018.41, "alt_ft": 775}}, {"type": "Feature", "geometry": {"type": "Point", "coordinates": [18.118378, 59.687622]}, "properties": {"sighting_id": 1132, "icao": "4ac9ef", "time": 1791033019.07, "alt_ft": 4675}}, {"type": "Feature", "geometry": {"type": "Point", "coordinates": [18.40532, 59.460801]}, "properties": {"sighting_id": 1132, "icao": "4a9755", "time": 1791033019.59, "alt_ft": 425}}, {"type": "Feature", "geometry": {"type": "Point", "coordinates": [17.650909, 59.478516]}, "properties": {"sighting_id": 1132, "icao": "4caff8", "time": 1791033019.74, "alt_ft": 6925}}, {"type": "Feature", "geometry": {"type": "Point", "coordinates": [17.912201, 59.634567]}, "properties": {"sighting_id": 1132, "icao": "4ab56f", "time": 1791033020.4, "alt_ft": 1050}}, {"type": "Feature", "geometry": {"type": "Point", "coordinates": [18.117188, 59.455353]}, "properties": {"sighting_id": 1132, "icao": "4aca53", "time": 1791033020.56, "alt_ft": 8475}}, {"type": "Feature", "geometry": {"type": "Point", "coordinates": [17.971739, 59.428866]}, "properties": {"sighting_id": 1132, "icao": "4aab15", "time": 1791033020.66, "alt_ft": 550}}, {"type": "Feature", "geometry": {"type": "Point", "coordinates": [17.648778, 59.47621]}, "properties": {"sighting_id": 1132, "icao": "4caff8", "time": 1791033021.52, "alt_ft": 7000}}, {"type": "Feature", "geometry": {"type": "Point", "coordinates": [18.118378, 59.690826]}, "properties": {"sighting_id": 1132, "icao": "4ac9ef", "time": 1791033021.71, "alt_ft": 4600}}, {"type": "Feature", "geometry": {"type": "Point", "coordinates": [17.912356, 59.633696]}, "properties": {"sighting_id": 1132, "icao": "4ab56f", "time": 1791033021.99, "alt_ft": 1100}}, {"type": "Feature", "geometry": {"type": "Point", "coordinates": [18.33847, 59.415298]}, "properties": {"sighting_id": 1132, "icao": "4aca8a", "time": 1791033022.38, "alt_ft": 10100}}, {"type": "Feature", "geometry": {"type": "Point", "coordinates": [17.973267, 59.428162]}, "properties": {"sighting_id": 1132, "icao": "4aab15", "time": 1791033022.51, "alt_ft": 550}}, {"type": "Feature", "geometry": {"type": "Point", "coordinates": [18.318376, 59.238048]}, "properties": {"sighting_id": 1132, "icao": "4aad15", "time": 1791033022.51, "alt_ft": 800}}, {"type": "Feature", "geometry": {"type": "Point", "coordinates": [18.684145, 59.285811]}, "properties": {"sighting_id": 1132, "icao": "4aca4f", "time": 1791033022.86, "alt_ft": 15875}}, {"type": "Feature", "geometry": {"type": "Point", "coordinates": [18.118444, 59.693609]}, "properties": {"sighting_id": 1132, "icao": "4ac9ef", "time": 1791033024.0, "alt_ft": 4525}}, {"type": "Feature", "geometry": {"type": "Point", "coordinates": [17.912924, 59.632579]}, "properties": {"sighting_id": 1132, "icao": "4ab56f", "time": 1791033024.13, "alt_ft": 1150}}, {"type": "Feature", "geometry": {"type": "Point", "coordinates": [18.403107, 59.45961]}, "properties": {"sighting_id": 1132, "icao": "4a9755", "time": 1791033024.27, "alt_ft": 425}}, {"type": "Feature", "geometry": {"type": "Point", "coordinates": [17.974823, 59.427155]}, "properties": {"sighting_id": 1132, "icao": "4aab15", "time": 1791033024.45, "alt_ft": 550}}, {"type": "Feature", "geometry": {"type": "Point", "coordinates": [18.343231, 59.412323]}, "properties": {"sighting_id": 1132, "icao": "4aca8a", "time": 1791033025.07, "alt_ft": 10200}}, {"type": "Feature", "geometry": {"type": "Point", "coordinates": [18.318054, 59.236862]}, "properties": {"sighting_id": 1132, "icao": "4aad15", "time": 1791033025.16, "alt_ft": 800}}, {"type": "Feature", "geometry": {"type": "Point", "coordinates": [18.005219, 59.272934]}, "properties": {"sighting_id": 1132, "icao": "4aacaf", "time": 1791033025.21, "alt_ft": 925}}, {"type": "Feature", "geometry": {"type": "Point", "coordinates": [18.118469, 59.696228]}, "properties": {"sighting_id": 1132, "icao": "4ac9ef", "time": 1791033026.05, "alt_ft": 4450}}, {"type": "Feature", "geometry": {"type": "Point", "coordinates": [17.913666, 59.6315]}, "properties": {"sighting_id": 1132, "icao": "4ab56f", "time": 1791033026.21, "alt_ft": 1225}}, {"type": "Feature", "geometry": {"type": "Point", "coordinates": [17.643001, 59.469972]}, "properties": {"sighting_id": 1132, "icao": "4caff8", "time": 1791033026.34, "alt_ft": 7200}}, {"type": "Feature", "geometry": {"type": "Point", "coordinates": [17.976474, 59.426259]}, "properties": {"sighting_id": 1132, "icao": "4aab15", "time": 1791033026.56, "alt_ft": 550}}, {"type": "Feature", "geometry": {"type": "Point", "coordinates": [18.345842, 59.410664]}, "properties": {"sighting_id": 1132, "icao": "4aca8a", "time": 1791033026.67, "alt_ft": 10275}}, {"type": "Feature", "geometry": {"type": "Point", "coordinates": [18.317871, 59.235992]}, "properties": {"sighting_id": 1132, "icao": "4aad15", "time": 1791033027.04, "alt_ft": 825}}, {"type": "Feature", "geometry": {"type": "Point", "coordinates": [18.401626, 59.458846]}, "properties": {"sighting_id": 1132, "icao": "4a9755", "time": 1791033027.74, "alt_ft": 425}}, {"type": "Feature", "geometry": {"type": "Point", "coordinates": [18.117554, 59.464737]}, "properties": {"sighting_id": 1132, "icao": "4aca53", "time": 1791033027.82, "alt_ft": 8300}}, {"type": "Feature", "geometry": {"type": "Point", "coordinates": [17.914345, 59.630624]}, "properties": {"sighting_id": 1132, "icao": "4ab56f", "time": 1791033027.93, "alt_ft": 1250}}, {"type": "Feature", "geometry": {"type": "Point", "coordinates": [18.348267, 59.409164]}, "properties": {"sighting_id": 1132, "icao": "4aca8a", "time": 1791033028.04, "alt_ft": 10300}}, {"type": "Feature", "geometry": {"type": "Point", "coordinates": [18.118539, 59.698729]}, "properties": {"sighting_id": 1132, "icao": "4ac9ef", "time": 1791033028.08, "alt_ft": 4375}}, {"type": "Feature", "geometry": {"type": "Point", "coordinates": [18.002614, 59.273568]}, "properties": {"sighting_id": 1132, "icao": "4aacaf", "time": 1791033028.76, "alt_ft": 925}}, {"type": "Feature", "geometry": {"type": "Point", "coordinates": [17.978558, 59.425002]}, "properties": {"sighting_id": 1132, "icao": "4aab15", "time": 1791033029.21, "alt_ft": 550}}, {"type": "Feature", "geometry": {"type": "Point", "coordinates": [17.915222, 59.629852]}, "properties": {"sighting_id": 1132, "icao": "4ab56f", "time": 1791033029.31, "alt_ft": 1275}}, {"type": "Feature", "geometry": {"type": "Point", "coordinates": [18.350922, 59.407471]}, "properties": {"sighting_id": 1132, "icao": "4aca8a", "time": 1791033029.49, "alt_ft": 10350}}, {"type": "Feature", "geometry": {"type": "Point", "coordinates": [18.118633, 59.70129]}, "properties": {"sighting_id": 1132, "icao": "4ac9ef", "time": 1791033030.22, "alt_ft": 4300}}, {"type": "Feature", "geometry": {"type": "Point", "coordinates": [17.637451, 59.46405]}, "properties": {"sighting_id": 1132, "icao": "4caff8", "time": 1791033030.88, "alt_ft": 7400}}, {"type": "Feature", "geometry": {"type": "Point", "coordinates": [18.70394, 59.276175]}, "properties": {"sighting_id": 1132, "icao": "4aca4f", "time": 1791033030.93, "alt_ft": 16250}}, {"type": "Feature", "geometry": {"type": "Point", "coordinates": [18.353608, 59.405823]}, "properties": {"sighting_id": 1132, "icao": "4aca8a", "time": 1791033030.96, "alt_ft": 10375}}, {"type": "Feature", "geometry": {"type": "Point", "coordinates": [18.399628, 59.458191]}, "properties": {"sighting_id": 1132, "icao": "4a9755", "time": 1791033031.25, "alt_ft": 375}}, {"type": "Feature", "geometry": {"type": "Point", "coordinates": [17.916595, 59.628799]}, "properties": {"sighting_id": 1132, "icao": "4ab56f", "time": 1791033031.34, "alt_ft": 1300}}, {"type": "Feature", "geometry": {"type": "Point", "coordinates": [17.980499, 59.423996]}, "properties": {"sighting_id": 1132, "icao": "4aab15", "time": 1791033031.6, "alt_ft": 575}}, {"type": "Feature", "geometry": {"type": "Point", "coordinates": [18.118652, 59.70369]}, "properties": {"sighting_id": 1132, "icao": "4ac9ef", "time": 1791033032.09, "alt_ft": 4225}}, {"type": "Feature", "geometry": {"type": "Point", "coordinates": [18.317322, 59.233749]}, "properties": {"sighting_id": 1132, "icao": "4aad15", "time": 1791033032.3, "alt_ft": 850}}, {"type": "Feature", "geometry": {"type": "Point", "coordinates": [18.398712, 59.457916]}, "properties": {"sighting_id": 1132, "icao": "4a9755", "time": 1791033032.54, "alt_ft": 375}}, {"type": "Feature", "geometry": {"type": "Point", "coordinates": [18.357018, 59.403681]}, "properties": {"sighting_id": 1132, "icao": "4aca8a", "time": 1791033032.85, "alt_ft": 10400}}, {"type": "Feature", "geometry": {"type": "Point", "coordinates": [17.917849, 59.628063]}, "properties": {"sighting_id": 1132, "icao": "4ab56f", "time": 1791033032.94, "alt_ft": 1325}}, {"type": "Feature", "geometry": {"type": "Point", "coordinates": [18.118728, 59.706038]}, "properties": {"sighting_id": 1132, "icao": "4ac9ef", "time": 1791033034.14, "alt_ft": 4150}}, {"type": "Feature", "geometry": {"type": "Point", "coordinates": [17.982788, 59.422668]}, "properties": {"sighting_id": 1132, "icao": "4aab15", "time": 1791033034.49, "alt_ft": 550}}, {"type": "Feature", "geometry": {"type": "Point", "coordinates": [18.316861, 59.232742]}, "properties": {"sighting_id": 1132, "icao": "4aad15", "time": 1791033034.8, "alt_ft": 850}}, {"type": "Feature", "geometry": {"type": "Point", "coordinates": [17.919932, 59.626992]}, "properties": {"sighting_id": 1132, "icao": "4ab56f", "time": 1791033035.18, "alt_ft": 1350}}, {"type": "Feature", "geometry": {"type": "Point", "coordinates": [18.117828, 59.474533]}, "properties": {"sighting_id": 1132, "icao": "4aca53", "time": 1791033035.24, "alt_ft": 8100}}, {"type": "Feature", "geometry": {"type": "Point", "coordinates": [17.631352, 59.457635]}, "properties": {"sighting_id": 1132, "icao": "4caff8", "time": 1791033035.85, "alt_ft": 7600}}, {"type": "Feature", "geometry": {"type": "Point", "coordinates": [18.118835, 59.708542]}, "properties": {"sighting_id": 1132, "icao": "4ac9ef", "time": 1791033036.11, "alt_ft": 4075}}, {"type": "Feature", "geometry": {"type": "Point", "coordinates": [18.316223, 59.231873]}, "properties": {"sighting_id": 1132, "icao": "4aad15", "time": 1791033036.79, "alt_ft": 850}}, {"type": "Feature", "geometry": {"type": "Point", "coordinates": [18.395416, 59.456909]}, "properties": {"sighting_id": 1132, "icao": "4a9755", "time": 1791033037.81, "alt_ft": 375}}, {"type": "Feature", "geometry": {"type": "Point", "coordinates": [18.118918, 59.710786]}, "properties": {"sighting_id": 1132, "icao": "4ac9ef", "time": 1791033037.96, "alt_ft": 4000}}, {"type": "Feature", "geometry": {"type": "Point", "coordinates": [17.923096, 59.625824]}, "properties": {"sighting_id": 1132, "icao": "4ab56f", "time": 1791033038.0, "alt_ft": 1400}}, {"type": "Feature", "geometry": {"type": "Point", "coordinates": [17.985535, 59.420975]}, "properties": {"sighting_id": 1132, "icao": "4aab15", "time": 1791033038.1, "alt_ft": 575}}, {"type": "Feature", "geometry": {"type": "Point", "coordinates": [18.315674, 59.231369]}, "properties": {"sighting_id": 1132, "icao": "4aad15", "time": 1791033038.35, "alt_ft": 850}}, {"type": "Feature", "geometry": {"type": "Point", "coordinates": [18.394684, 59.456589]}, "properties": {"sighting_id": 1132, "icao": "4a9755", "time": 1791033039.46, "alt_ft": 400}}, {"type": "Feature", "geometry": {"type": "Point", "coordinates": [18.119012, 59.712742]}, "properties": {"sighting_id": 1132, "icao": "4ac9ef", "time": 1791033039.63, "alt_ft": 3925}}, {"type": "Feature", "geometry": {"type": "Point", "coordinates": [18.314941, 59.23082]}, "properties": {"sighting_id": 1132, "icao": "4aad15", "time": 1791033039.87, "alt_ft": 850}}, {"type": "Feature", "geometry": {"type": "Point", "coordinates": [18.726575, 59.265142]}, "properties": {"sighting_id": 1132, "icao": "4aca4f", "time": 1791033039.99, "alt_ft": 16625}}, {"type": "Feature", "geometry": {"type": "Point", "coordinates": [17.625764, 59.451723]}, "properties": {"sighting_id": 1132, "icao": "4caff8", "time": 1791033040.33, "alt_ft": 7800}}, {"type": "Feature", "geometry": {"type": "Point", "coordinates": [17.92713, 59.624479]}, "properties": {"sighting_id": 1132, "icao": "4ab56f", "time": 1791033041.43, "alt_ft": 1450}}, {"type": "Feature", "geometry": {"type": "Point", "coordinates": [18.393768, 59.456039]}, "properties": {"sighting_id": 1132, "icao": "4a9755", "time": 1791033041.53, "alt_ft": 400}}, {"type": "Feature", "geometry": {"type": "Point", "coordinates": [18.11911, 59.715088]}, "properties": {"sighting_id": 1132, "icao": "4ac9ef", "time": 1791033041.56, "alt_ft": 3850}}, {"type": "Feature", "geometry": {"type": "Point", "coordinates": [18.313843, 59.230225]}, "properties": {"sighting_id": 1132, "icao": "4aad15", "time": 1791033041.86, "alt_ft": 850}}, {"type": "Feature", "geometry": {"type": "Point", "coordinates": [18.374066, 59.393114]}, "properties": {"sighting_id": 1132, "icao": "4aca8a", "time": 1791033042.16, "alt_ft": 10550}}, {"type": "Feature", "geometry": {"type": "Point", "coordinates": [17.992764, 59.275802]}, "properties": {"sighting_id": 1132, "icao": "4aacaf", "time": 1791033042.19, "alt_ft": 900}}, {"type": "Feature", "geometry": {"type": "Point", "coordinates": [18.119202, 59.716324]}, "properties": {"sighting_id": 1132, "icao": "4ac9ef", "time": 1791033042.64, "alt_ft": 3800}}, {"type": "Feature", "geometry": {"type": "Point", "coordinates": [18.118255, 59.484589]}, "properties": {"sighting_id": 1132, "icao": "4aca53", "time": 1791033043.0, "alt_ft": 7925}}, {"type": "Feature", "geometry": {"type": "Point", "coordinates": [18.119293, 59.717514]}, "properties": {"sighting_id": 1132, "icao": "4ac9ef", "time": 1791033043.51, "alt_ft": 3750}}, {"type": "Feature", "geometry": {"type": "Point", "coordinates": [18.312653, 59.229721]}, "properties": {"sighting_id": 1132, "icao": "4aad15", "time": 1791033043.86, "alt_ft": 850}}, {"type": "Feature", "geometry": {"type": "Point", "coordinates": [18.392487, 59.455078]}, "properties": {"sighting_id": 1132, "icao": "4a9755", "time": 1791033044.75, "alt_ft": 375}}, {"type": "Feature", "geometry": {"type": "Point", "coordinates": [17.990965, 59.418019]}, "properties": {"sighting_id": 1132, "icao": "4aab15", "time": 1791033044.85, "alt_ft": 550}}, {"type": "Feature", "geometry": {"type": "Point", "coordinates": [18.119385, 59.719345]}, "properties": {"sighting_id": 1132, "icao": "4ac9ef", "time": 1791033045.06, "alt_ft": 3725}}, {"type": "Feature", "geometry": {"type": "Point", "coordinates": [17.619797, 59.445392]}, "properties": {"sighting_id": 1132, "icao": "4caff8", "time": 1791033045.22, "alt_ft": 8025}}, {"type": "Feature", "geometry": {"type": "Point", "coordinates": [17.93215, 59.622849]}, "properties": {"sighting_id": 1132, "icao": "4ab56f", "time": 1791033045.69, "alt_ft": 1525}}, {"type": "Feature", "geometry": {"type": "Point", "coordinates": [18.311368, 59.229297]}, "properties": {"sighting_id": 1132, "icao": "4aad15", "time": 1791033045.76, "alt_ft": 850}}, {"type": "Feature", "geometry": {"type": "Point", "coordinates": [18.119476, 59.721909]}, "properties": {"sighting_id": 1132, "icao": "4ac9ef", "time": 1791033047.16, "alt_ft": 3650}}, {"type": "Feature", "geometry": {"type": "Point", "coordinates": [17.988881, 59.276594]}, "properties": {"sighting_id": 1132, "icao": "4aacaf", "time": 1791033047.46, "alt_ft": 900}}, {"type": "Feature", "geometry": {"type": "Point", "coordinates": [18.391113, 59.454144]}, "properties": {"sighting_id": 1132, "icao": "4a9755", "time": 1791033047.8, "alt_ft": 375}}, {"type": "Feature", "geometry": {"type": "Point", "coordinates": [17.993427, 59.41653]}, "properties": {"sighting_id": 1132, "icao": "4aab15", "time": 1791033047.81, "alt_ft": 550}}, {"type": "Feature", "geometry": {"type": "Point", "coordinates": [18.746613, 59.255402]}, "properties": {"sighting_id": 1132, "icao": "4aca4f", "time": 1791033047.91, "alt_ft": 17000}}, {"type": "Feature", "geometry": {"type": "Point", "coordinates": [18.309631, 59.228897]}, "properties": {"sighting_id": 1132, "icao": "4aad15", "time": 1791033048.01, "alt_ft": 825}}, {"type": "Feature", "geometry": {"type": "Point", "coordinates": [18.390356, 59.453678]}, "properties": {"sighting_id": 1132, "icao": "4a9755", "time": 1791033049.17, "alt_ft": 350}}, {"type": "Feature", "geometry": {"type": "Point", "coordinates": [17.937469, 59.621109]}, "properties": {"sighting_id": 1132, "icao": "4ab56f", "time": 1791033049.89, "alt_ft": 1600}}, {"type": "Feature", "geometry": {"type": "Point", "coordinates": [17.613647, 59.438919]}, "properties": {"sighting_id": 1132, "icao": "4caff8", "time": 1791033050.15, "alt_ft": 8225}}, {"type": "Feature", "geometry": {"type": "Point", "coordinates": [18.307958, 59.228598]}, "properties": {"sighting_id": 1132, "icao": "4aad15", "time": 1791033050.39, "alt_ft": 825}}, {"type": "Feature", "geometry": {"type": "Point", "coordinates": [18.118652, 59.494583]}, "properties": {"sighting_id": 1132, "icao": "4aca53", "time": 1791033050.67, "alt_ft": 7750}}, {"type": "Feature", "geometry": {"type": "Point", "coordinates": [18.390015, 59.383209]}, "properties": {"sighting_id": 1132, "icao": "4aca8a", "time": 1791033050.75, "alt_ft": 10700}}, {"type": "Feature", "geometry": {"type": "Point", "coordinates": [18.119751, 59.726578]}, "properties": {"sighting_id": 1132, "icao": "4ac9ef", "time": 1791033051.04, "alt_ft": 3575}}, {"type": "Feature", "geometry": {"type": "Point", "coordinates": [18.306885, 59.228485]}, "properties": {"sighting_id": 1132, "icao": "4aad15", "time": 1791033051.69, "alt_ft": 825}}, {"type": "Feature", "geometry": {"type": "Point", "coordinates": [17.940674, 59.620056]}, "properties": {"sighting_id": 1132, "icao": "4ab56f", "time": 1791033052.42, "alt_ft": 1650}}, {"type": "Feature", "geometry": {"type": "Point", "coordinates": [18.38855, 59.452744]}, "properties": {"sighting_id": 1132, "icao": "4a9755", "time": 1791033052.6, "alt_ft": 350}}, {"type": "Feature", "geometry": {"type": "Point", "coordinates": [17.941956, 59.619644]}, "properties": {"sighting_id": 1132, "icao": "4ab56f", "time": 1791033053.4, "alt_ft": 1675}}, {"type": "Feature", "geometry": {"type": "Point", "coordinates": [17.998352, 59.413879]}, "properties": {"sighting_id": 1132, "icao": "4aab15", "time": 1791033053.79, "alt_ft": 550}}, {"type": "Feature", "geometry": {"type": "Point", "coordinates": [18.120026, 59.730789]}, "properties": {"sighting_id": 1132, "icao": "4ac9ef", "time": 1791033054.61, "alt_ft": 3525}}, {"type": "Feature", "geometry": {"type": "Point", "coordinates": [17.607485, 59.432358]}, "properties": {"sighting_id": 1132, "icao": "4caff8", "time": 1791033055.18, "alt_ft": 8425}}, {"type": "Feature", "geometry": {"type": "Point", "coordinates": [17.944794, 59.618774]}, "properties": {"sighting_id": 1132, "icao": "4ab56f", "time": 1791033055.68, "alt_ft": 1750}}, {"type": "Feature", "geometry": {"type": "Point", "coordinates": [17.98282, 59.277804]}, "properties": {"sighting_id": 1132, "icao": "4aacaf", "time": 1791033055.78, "alt_ft": 925}}, {"type": "Feature", "geometry": {"type": "Point", "coordinates": [18.766448, 59.24573]}, "properties": {"sighting_id": 1132, "icao": "4aca4f", "time": 1791033055.84, "alt_ft": 17375}}, {"type": "Feature", "geometry": {"type": "Point", "coordinates": [18.386627, 59.451828]}, "properties": {"sighting_id": 1132, "icao": "4a9755", "time": 1791033056.33, "alt_ft": 350}}, {"type": "Feature", "geometry": {"type": "Point", "coordinates": [17.946075, 59.618362]}, "properties": {"sighting_id": 1132, "icao": "4ab56f", "time": 1791033056.6, "alt_ft": 1775}}, {"type": "Feature", "geometry": {"type": "Point", "coordinates": [17.947304, 59.618008]}, "properties": {"sighting_id": 1132, "icao": "4ab56f", "time": 1791033057.66, "alt_ft": 1800}}, {"type": "Feature", "geometry": {"type": "Point", "coordinates": [18.301392, 59.227753]}, "properties": {"sighting_id": 1132, "icao": "4aad15", "time": 1791033058.59, "alt_ft": 800}}, {"type": "Feature", "geometry": {"type": "Point", "coordinates": [18.120433, 59.736157]}, "properties": {"sighting_id": 1132, "icao": "4ac9ef", "time": 1791033059.07, "alt_ft": 3450}}, {"type": "Feature", "geometry": {"type": "Point", "coordinates": [18.119019, 59.505478]}, "properties": {"sighting_id": 1132, "icao": "4aca53", "time": 1791033059.12, "alt_ft": 7575}}, {"type": "Feature", "geometry": {"type": "Point", "coordinates": [18.40674, 59.372864]}, "properties": {"sighting_id": 1132, "icao": "4aca8a", "time": 1791033059.3, "alt_ft": 10850}}, {"type": "Feature", "geometry": {"type": "Point", "coordinates": [17.601196, 59.42569]}, "properties": {"sighting_id": 1132, "icao": "4caff8", "time": 1791033060.26, "alt_ft": 8625}}, {"type": "Feature", "geometry": {"type": "Point", "coordinates": [17.952484, 59.616394]}, "properties": {"sighting_id": 1132, "icao": "4ab56f", "time": 1791033061.44, "alt_ft": 1875}}, {"type": "Feature", "geometry": {"type": "Point", "coordinates": [18.298961, 59.227341]}, "properties": {"sighting_id": 1132, "icao": "4aad15", "time": 1791033061.81, "alt_ft": 800}}, {"type": "Feature", "geometry": {"type": "Point", "coordinates": [17.978368, 59.278875]}, "properties": {"sighting_id": 1132, "icao": "4aacaf", "time": 1791033061.95, "alt_ft": 950}}, {"type": "Feature", "geometry": {"type": "Point", "coordinates": [18.005455, 59.410478]}, "properties": {"sighting_id": 1132, "icao": "4aab15", "time": 1791033062.31, "alt_ft": 500}}, {"type": "Feature", "geometry": {"type": "Point", "coordinates": [18.119293, 59.51088]}, "properties": {"sighting_id": 1132, "icao": "4aca53", "time": 1791033063.37, "alt_ft": 7500}}, {"type": "Feature", "geometry": {"type": "Point", "coordinates": [18.382589, 59.450001]}, "properties": {"sighting_id": 1132, "icao": "4a9755", "time": 1791033063.7, "alt_ft": 325}}, {"type": "Feature", "geometry": {"type": "Point", "coordinates": [18.786438, 59.235947]}, "properties": {"sighting_id": 1132, "icao": "4aca4f", "time": 1791033063.78, "alt_ft": 17750}}, {"type": "Feature", "geometry": {"type": "Point", "coordinates": [18.297351, 59.227016]}, "properties": {"sighting_id": 1132, "icao": "4aad15", "time": 1791033063.79, "alt_ft": 800}}, {"type": "Feature", "geometry": {"type": "Point", "coordinates": [18.120812, 59.742628]}, "properties": {"sighting_id": 1132, "icao": "4ac9ef", "time": 1791033064.66, "alt_ft": 3375}}, {"type": "Feature", "geometry": {"type": "Point", "coordinates": [18.417348, 59.366253]}, "properties": {"sighting_id": 1132, "icao": "4aca8a", "time": 1791033064.69, "alt_ft": 10925}}, {"type": "Feature", "geometry": {"type": "Point", "coordinates": [18.381958, 59.449677]}, "properties": {"sighting_id": 1132, "icao": "4a9755", "time": 1791033064.74, "alt_ft": 350}}, {"type": "Feature", "geometry": {"type": "Point", "coordinates": [17.595173, 59.419463]}, "properties": {"sighting_id": 1132, "icao": "4caff8", "time": 1791033065.01, "alt_ft": 8825}}, {"type": "Feature", "geometry": {"type": "Point", "coordinates": [18.008148, 59.409073]}, "properties": {"sighting_id": 1132, "icao": "4aab15", "time": 1791033065.4, "alt_ft": 500}}, {"type": "Feature", "geometry": {"type": "Point", "coordinates": [18.295646, 59.22669]}, "properties": {"sighting_id": 1132, "icao": "4aad15", "time": 1791033065.93, "alt_ft": 800}}, {"type": "Feature", "geometry": {"type": "Point", "coordinates": [17.958669, 59.61447]}, "properties": {"sighting_id": 1132, "icao": "4ab56f", "time": 1791033065.94, "alt_ft": 1950}}, {"type": "Feature", "geometry": {"type": "Point", "coordinates": [18.00877, 59.408802]}, "properties": {"sighting_id": 1132, "icao": "4aab15", "time": 1791033066.24, "alt_ft": 500}}, {"type": "Feature", "geometry": {"type": "Point", "coordinates": [18.119476, 59.515594]}, "properties": {"sighting_id": 1132, "icao": "4aca53", "time": 1791033066.97, "alt_ft": 7450}}, {"type": "Feature", "geometry": {"type": "Point", "coordinates": [18.422882, 59.362793]}, "properties": {"sighting_id": 1132, "icao": "4aca8a", "time": 1791033067.47, "alt_ft": 11000}}, {"type": "Feature", "geometry": {"type": "Point", "coordinates": [18.294159, 59.226425]}, "properties": {"sighting_id": 1132, "icao": "4aad15", "time": 1791033067.98, "alt_ft": 775}}, {"type": "Feature", "geometry": {"type": "Point", "coordinates": [17.589206, 59.413225]}, "properties": {"sighting_id": 1132, "icao": "4caff8", "time": 1791033069.73, "alt_ft": 9000}}, {"type": "Feature", "geometry": {"type": "Point", "coordinates": [18.121307, 59.748688]}, "properties": {"sighting_id": 1132, "icao": "4ac9ef", "time": 1791033069.86, "alt_ft": 3300}}, {"type": "Feature", "geometry": {"type": "Point", "coordinates": [17.964351, 59.612654]}, "properties": {"sighting_id": 1132, "icao": "4ab56f", "time": 1791033070.04, "alt_ft": 2000}}, {"type": "Feature", "geometry": {"type": "Point", "coordinates": [18.429108, 59.358948]}, "properties": {"sighting_id": 1132, "icao": "4aca8a", "time": 1791033070.59, "alt_ft": 11075}}, {"type": "Feature", "geometry": {"type": "Point", "coordinates": [17.971619, 59.280579]}, "properties": {"sighting_id": 1132, "icao": "4aacaf", "time": 1791033071.41, "alt_ft": 975}}, {"type": "Feature", "geometry": {"type": "Point", "coordinates": [18.806396, 59.226196]}, "properties": {"sighting_id": 1132, "icao": "4aca4f", "time": 1791033071.65, "alt_ft": 18125}}, {"type": "Feature", "geometry": {"type": "Point", "coordinates": [17.97052, 59.280899]}, "properties": {"sighting_id": 1132, "icao": "4aacaf", "time": 1791033072.97, "alt_ft": 975}}, {"type": "Feature", "geometry": {"type": "Point", "coordinates": [18.434301, 59.355686]}, "properties": {"sighting_id": 1132, "icao": "4aca8a", "time": 1791033073.21, "alt_ft": 11150}}, {"type": "Feature", "geometry": {"type": "Point", "coordinates": [18.014642, 59.406009]}, "properties": {"sighting_id": 1132, "icao": "4aab15", "time": 1791033073.4, "alt_ft": 475}}, {"type": "Feature", "geometry": {"type": "Point", "coordinates": [18.119843, 59.523972]}, "properties": {"sighting_id": 1132, "icao": "4aca53", "time": 1791033073.53, "alt_ft": 7375}}, {"type": "Feature", "geometry": {"type": "Point", "coordinates": [17.583801, 59.407608]}, "properties": {"sighting_id": 1132, "icao": "4caff8", "time": 1791033073.97, "alt_ft": 9200}}, {"type": "Feature", "geometry": {"type": "Point", "coordinates": [18.289016, 59.22534]}, "properties": {"sighting_id": 1132, "icao": "4aad15", "time": 1791033074.26, "alt_ft": 750}}, {"type": "Feature", "geometry": {"type": "Point", "coordinates": [18.377002, 59.447021]}, "properties": {"sighting_id": 1132, "icao": "4a9755", "time": 1791033074.42, "alt_ft": 325}}, {"type": "Feature", "geometry": {"type": "Point", "coordinates": [18.121664, 59.754033]}, "properties": {"sighting_id": 1132, "icao": "4ac9ef", "time": 1791033074.5, "alt_ft": 3225}}, {"type": "Feature", "geometry": {"type": "Point", "coordinates": [17.969371, 59.281202]}, "properties": {"sighting_id": 1132, "icao": "4aacaf", "time": 1791033074.77, "alt_ft": 975}}, {"type": "Feature", "geometry": {"type": "Point", "coordinates": [17.971644, 59.61028]}, "properties": {"sighting_id": 1132, "icao": "4ab56f", "time": 1791033075.19, "alt_ft": 2050}}, {"type": "Feature", "geometry": {"type": "Point", "coordinates": [18.375458, 59.446381]}, "properties": {"sighting_id": 1132, "icao": "4a9755", "time": 1791033077.13, "alt_ft": 325}}, {"type": "Feature", "geometry": {"type": "Point", "coordinates": [18.442825, 59.350332]}, "properties": {"sighting_id": 1132, "icao": "4aca8a", "time": 1791033077.55, "alt_ft": 11325}}, {"type": "Feature", "geometry": {"type": "Point", "coordinates": [17.966766, 59.281769]}, "properties": {"sighting_id": 1132, "icao": "4aacaf", "time": 1791033078.25, "alt_ft": 950}}, {"type": "Feature", "geometry": {"type": "Point", "coordinates": [18.374451, 59.44606]}, "properties": {"sighting_id": 1132, "icao": "4a9755", "time": 1791033078.77, "alt_ft": 300}}, {"type": "Feature", "geometry": {"type": "Point", "coordinates": [17.577462, 59.401168]}, "properties": {"sighting_id": 1132, "icao": "4caff8", "time": 1791033078.87, "alt_ft": 9400}}, {"type": "Feature", "geometry": {"type": "Point", "coordinates": [18.019226, 59.403946]}, "properties": {"sighting_id": 1132, "icao": "4aab15", "time": 1791033079.03, "alt_ft": 450}}, {"type": "Feature", "geometry": {"type": "Point", "coordinates": [17.978119, 59.6082]}, "properties": {"sighting_id": 1132, "icao": "4ab56f", "time": 1791033079.6, "alt_ft": 2125}}, {"type": "Feature", "geometry": {"type": "Point", "coordinates": [18.826967, 59.216122]}, "properties": {"sighting_id": 1132, "icao": "4aca4f", "time": 1791033079.76, "alt_ft": 18500}}, {"type": "Feature", "geometry": {"type": "Point", "coordinates": [18.122138, 59.760132]}, "properties": {"sighting_id": 1132, "icao": "4ac9ef", "time": 1791033079.84, "alt_ft": 3150}}, {"type": "Feature", "geometry": {"type": "Point", "coordinates": [18.373308, 59.445765]}, "properties": {"sighting_id": 1132, "icao": "4a9755", "time": 1791033080.4, "alt_ft": 300}}, {"type": "Feature", "geometry": {"type": "Point", "coordinates": [17.964541, 59.282133]}, "properties": {"sighting_id": 1132, "icao": "4aacaf", "time": 1791033081.16, "alt_ft": 925}}, {"type": "Feature", "geometry": {"type": "Point", "coordinates": [18.120243, 59.534028]}, "properties": {"sighting_id": 1132, "icao": "4aca53", "time": 1791033081.65, "alt_ft": 7325}}, {"type": "Feature", "geometry": {"type": "Point", "coordinates": [18.282898, 59.223862]}, "properties": {"sighting_id": 1132, "icao": "4aad15", "time": 1791033081.9, "alt_ft": 725}}, {"type": "Feature", "geometry": {"type": "Point", "coordinates": [18.372266, 59.445578]}, "properties": {"sighting_id": 1132, "icao": "4a9755", "time": 1791033081.93, "alt_ft": 275}}, {"type": "Feature", "geometry": {"type": "Point", "coordinates": [18.022408, 59.402611]}, "properties": {"sighting_id": 1132, "icao": "4aab15", "time": 1791033082.96, "alt_ft": 425}}, {"type": "Feature", "geometry": {"type": "Point", "coordinates": [18.454651, 59.34288]}, "properties": {"sighting_id": 1132, "icao": "4aca8a", "time": 1791033083.39, "alt_ft": 11525}}, {"type": "Feature", "geometry": {"type": "Point", "coordinates": [17.571533, 59.395111]}, "properties": {"sighting_id": 1132, "icao": "4caff8", "time": 1791033083.5, "alt_ft": 9600}}, {"type": "Feature", "geometry": {"type": "Point", "coordinates": [17.962552, 59.282366]}, "properties": {"sighting_id": 1132, "icao": "4aacaf", "time": 1791033083.81, "alt_ft": 950}}, {"type": "Feature", "geometry": {"type": "Point", "coordinates": [17.984903, 59.606044]}, "properties": {"sighting_id": 1132, "icao": "4ab56f", "time": 1791033084.06, "alt_ft": 2175}}, {"type": "Feature", "geometry": {"type": "Point", "coordinates": [18.280975, 59.223404]}, "properties": {"sighting_id": 1132, "icao": "4aad15", "time": 1791033084.27, "alt_ft": 725}}, {"type": "Feature", "geometry": {"type": "Point", "coordinates": [18.369993, 59.445206]}, "properties": {"sighting_id": 1132, "icao": "4a9755", "time": 1791033085.23, "alt_ft": 275}}, {"type": "Feature", "geometry": {"type": "Point", "coordinates": [18.122517, 59.767115]}, "properties": {"sighting_id": 1132, "icao": "4ac9ef", "time": 1791033086.02, "alt_ft": 3075}}, {"type": "Feature", "geometry": {"type": "Point", "coordinates": [18.120528, 59.540778]}, "properties": {"sighting_id": 1132, "icao": "4aca53", "time": 1791033087.23, "alt_ft": 7275}}, {"type": "Feature", "geometry": {"type": "Point", "coordinates": [18.025818, 59.401214]}, "properties": {"sighting_id": 1132, "icao": "4aab15", "time": 1791033087.44, "alt_ft": 425}}, {"type": "Feature", "geometry": {"type": "Point", "coordinates": [18.847141, 59.2063]}, "properties": {"sighting_id": 1132, "icao": "4aca4f", "time": 1791033087.54, "alt_ft": 18875}}, {"type": "Feature", "geometry": {"type": "Point", "coordinates": [17.959442, 59.282867]}, "properties": {"sighting_id": 1132, "icao": "4aacaf", "time": 1791033087.86, "alt_ft": 925}}, {"type": "Feature", "geometry": {"type": "Point", "coordinates": [18.36795, 59.444778]}, "properties": {"sighting_id": 1132, "icao": "4a9755", "time": 1791033088.16, "alt_ft": 300}}, {"type": "Feature", "geometry": {"type": "Point", "coordinates": [18.464264, 59.336792]}, "properties": {"sighting_id": 1132, "icao": "4aca8a", "time": 1791033088.17, "alt_ft": 11725}}, {"type": "Feature", "geometry": {"type": "Point", "coordinates": [17.56515, 59.388598]}, "properties": {"sighting_id": 1132, "icao": "4caff8", "time": 1791033088.44, "alt_ft": 9800}}, {"type": "Feature", "geometry": {"type": "Point", "coordinates": [18.277462, 59.222593]}, "properties": {"sighting_id": 1132, "icao": "4aad15", "time": 1791033088.72, "alt_ft": 750}}, {"type": "Feature", "geometry": {"type": "Point", "coordinates": [18.120717, 59.543804]}, "properties": {"sighting_id": 1132, "icao": "4aca53", "time": 1791033089.73, "alt_ft": 7250}}, {"type": "Feature", "geometry": {"type": "Point", "coordinates": [17.993591, 59.603256]}, "properties": {"sighting_id": 1132, "icao": "4ab56f", "time": 1791033089.73, "alt_ft": 2250}}, {"type": "Feature", "geometry": {"type": "Point", "coordinates": [18.366486, 59.444412]}, "properties": {"sighting_id": 1132, "icao": "4a9755", "time": 1791033090.61, "alt_ft": 300}}, {"type": "Feature", "geometry": {"type": "Point", "coordinates": [18.028659, 59.399864]}, "properties": {"sighting_id": 1132, "icao": "4aab15", "time": 1791033091.38, "alt_ft": 400}}, {"type": "Feature", "geometry": {"type": "Point", "coordinates": [18.122955, 59.773544]}, "properties": {"sighting_id": 1132, "icao": "4ac9ef", "time": 1791033091.73, "alt_ft": 3000}}, {"type": "Feature", "geometry": {"type": "Point", "coordinates": [18.274475, 59.222122]}, "properties": {"sighting_id": 1132, "icao": "4aad15", "time": 1791033092.51, "alt_ft": 750}}, {"type": "Feature", "geometry": {"type": "Point", "coordinates": [18.274017, 59.222076]}, "properties": {"sighting_id": 1132, "icao": "4aad15", "time": 1791033093.0, "alt_ft": 750}}, {"type": "Feature", "geometry": {"type": "Point", "coordinates": [18.364973, 59.443809]}, "properties": {"sighting_id": 1132, "icao": "4a9755", "time": 1791033093.14, "alt_ft": 350}}, {"type": "Feature", "geometry": {"type": "Point", "coordinates": [17.999015, 59.601482]}, "properties": {"sighting_id": 1132, "icao": "4ab56f", "time": 1791033093.14, "alt_ft": 2300}}, {"type": "Feature", "geometry": {"type": "Point", "coordinates": [17.558615, 59.381988]}, "properties": {"sighting_id": 1132, "icao": "4caff8", "time": 1791033093.47, "alt_ft": 10000}}, {"type": "Feature", "geometry": {"type": "Point", "coordinates": [18.475216, 59.329803]}, "properties": {"sighting_id": 1132, "icao": "4aca8a", "time": 1791033093.65, "alt_ft": 11925}}, {"type": "Feature", "geometry": {"type": "Point", "coordinates": [18.364784, 59.443716]}, "properties": {"sighting_id": 1132, "icao": "4a9755", "time": 1791033093.68, "alt_ft": 350}}, {"type": "Feature", "geometry": {"type": "Point", "coordinates": [17.954315, 59.283646]}, "properties": {"sighting_id": 1132, "icao": "4aacaf", "time": 1791033094.44, "alt_ft": 925}}, {"type": "Feature", "geometry": {"type": "Point", "coordinates": [18.031406, 59.398654]}, "properties": {"sighting_id": 1132, "icao": "4aab15", "time": 1791033095.54, "alt_ft": 400}}, {"type": "Feature", "geometry": {"type": "Point", "coordinates": [18.867279, 59.196396]}, "properties": {"sighting_id": 1132, "icao": "4aca4f", "time": 1791033095.63, "alt_ft": 19250}}, {"type": "Feature", "geometry": {"type": "Point", "coordinates": [18.004486, 59.599686]}, "properties": {"sighting_id": 1132, "icao": "4ab56f", "time": 1791033096.64, "alt_ft": 2375}}, {"type": "Feature", "geometry": {"type": "Point", "coordinates": [18.363458, 59.443018]}, "properties": {"sighting_id": 1132, "icao": "4a9755", "time": 1791033096.79, "alt_ft": 375}}, {"type": "Feature", "geometry": {"type": "Point", "coordinates": [18.27063, 59.22171]}, "properties": {"sighting_id": 1132, "icao": "4aad15", "time": 1791033097.27, "alt_ft": 725}}, {"type": "Feature", "geometry": {"type": "Point", "coordinates": [17.951755, 59.283949]}, "properties": {"sighting_id": 1132, "icao": "4aacaf", "time": 1791033097.81, "alt_ft": 900}}, {"type": "Feature", "geometry": {"type": "Point", "coordinates": [18.121191, 59.553905]}, "properties": {"sighting_id": 1132, "icao": "4aca53", "time": 1791033098.26, "alt_ft": 7100}}, {"type": "Feature", "geometry": {"type": "Point", "coordinates": [17.552216, 59.375519]}, "properties": {"sighting_id": 1132, "icao": "4caff8", "time": 1791033098.33, "alt_ft": 10200}}, {"type": "Feature", "geometry": {"type": "Point", "coordinates": [18.362606, 59.442459]}, "properties": {"sighting_id": 1132, "icao": "4a9755", "time": 1791033098.8, "alt_ft": 375}}, {"type": "Feature", "geometry": {"type": "Point", "coordinates": [18.12323, 59.781326]}, "properties": {"sighting_id": 1132, "icao": "4ac9ef", "time": 1791033098.93, "alt_ft": 2925}}, {"type": "Feature", "geometry": {"type": "Point", "coordinates": [18.12138, 59.556419]}, "properties": {"sighting_id": 1132, "icao": "4aca53", "time": 1791033100.26, "alt_ft": 7100}}, {"type": "Feature", "geometry": {"type": "Point", "coordinates": [18.034241, 59.397125]}, "properties": {"sighting_id": 1132, "icao": "4aab15", "time": 1791033100.39, "alt_ft": 375}}, {"type": "Feature", "geometry": {"type": "Point", "coordinates": [18.361943, 59.441808]}, "properties": {"sighting_id": 1132, "icao": "4a9755", "time": 1791033101.2, "alt_ft": 375}}, {"type": "Feature", "geometry": {"type": "Point", "coordinates": [17.948819, 59.284135]}, "properties": {"sighting_id": 1132, "icao": "4aacaf", "time": 1791033101.34, "alt_ft": 900}}, {"type": "Feature", "geometry": {"type": "Point", "coordinates": [17.548187, 59.371536]}, "properties": {"sighting_id": 1132, "icao": "4caff8", "time": 1791033101.36, "alt_ft": 10300}}, {"type": "Feature", "geometry": {"type": "Point", "coordinates": [18.266759, 59.221383]}, "properties": {"sighting_id": 1132, "icao": "4aad15", "time": 1791033101.63, "alt_ft": 700}}, {"type": "Feature", "geometry": {"type": "Point", "coordinates": [18.012909, 59.596939]}, "properties": {"sighting_id": 1132, "icao": "4ab56f", "time": 1791033101.84, "alt_ft": 2450}}, {"type": "Feature", "geometry": {"type": "Point", "coordinates": [18.035339, 59.396622]}, "properties": {"sighting_id": 1132, "icao": "4aab15", "time": 1791033101.92, "alt_ft": 350}}, {"type": "Feature", "geometry": {"type": "Point", "coordinates": [18.122589, 59.785538]}, "properties": {"sighting_id": 1132, "icao": "4ac9ef", "time": 1791033102.82, "alt_ft": 2875}}, {"type": "Feature", "geometry": {"type": "Point", "coordinates": [18.887676, 59.186376]}, "properties": {"sighting_id": 1132, "icao": "4aca4f", "time": 1791033103.46, "alt_ft": 19625}}, {"type": "Feature", "geometry": {"type": "Point", "coordinates": [18.4953, 59.317017]}, "properties": {"sighting_id": 1132, "icao": "4aca8a", "time": 1791033103.62, "alt_ft": 12275}}, {"type": "Feature", "geometry": {"type": "Point", "coordinates": [18.361374, 59.441063]}, "properties": {"sighting_id": 1132, "icao": "4a9755", "time": 1791033103.78, "alt_ft": 400}}, {"type": "Feature", "geometry": {"type": "Point", "coordinates": [18.019135, 59.594559]}, "properties": {"sighting_id": 1132, "icao": "4ab56f", "time": 1791033105.9, "alt_ft": 2525}}, {"type": "Feature", "geometry": {"type": "Point", "coordinates": [18.037278, 59.395581]}, "properties": {"sighting_id": 1132, "icao": "4aab15", "time": 1791033106.01, "alt_ft": 300}}, {"type": "Feature", "geometry": {"type": "Point", "coordinates": [18.121285, 59.788901]}, "properties": {"sighting_id": 1132, "icao": "4ac9ef", "time": 1791033106.03, "alt_ft": 2825}}, {"type": "Feature", "geometry": {"type": "Point", "coordinates": [17.541046, 59.364258]}, "properties": {"sighting_id": 1132, "icao": "4caff8", "time": 1791033106.78, "alt_ft": 10500}}, {"type": "Feature", "geometry": {"type": "Point", "coordinates": [18.022705, 59.592819]}, "properties": {"sighting_id": 1132, "icao": "4ab56f", "time": 1791033108.38, "alt_ft": 2550}}, {"type": "Feature", "geometry": {"type": "Point", "coordinates": [18.260414, 59.220731]}, "properties": {"sighting_id": 1132, "icao": "4aad15", "time": 1791033108.97, "alt_ft": 650}}, {"type": "Feature", "geometry": {"type": "Point", "coordinates": [18.119202, 59.79213]}, "properties": {"sighting_id": 1132, "icao": "4ac9ef", "time": 1791033109.23, "alt_ft": 2800}}, {"type": "Feature", "geometry": {"type": "Point", "coordinates": [18.36026, 59.43924]}, "properties": {"sighting_id": 1132, "icao": "4a9755", "time": 1791033109.39, "alt_ft": 425}}, {"type": "Feature", "geometry": {"type": "Point", "coordinates": [18.038818, 59.394562]}, "properties": {"sighting_id": 1132, "icao": "4aab15", "time": 1791033109.42, "alt_ft": 275}}, {"type": "Feature", "geometry": {"type": "Point", "coordinates": [18.122138, 59.568709]}, "properties": {"sighting_id": 1132, "icao": "4aca53", "time": 1791033110.59, "alt_ft": 7000}}, {"type": "Feature", "geometry": {"type": "Point", "coordinates": [18.026184, 59.590714]}, "properties": {"sighting_id": 1132, "icao": "4ab56f", "time": 1791033111.17, "alt_ft": 2600}}, {"type": "Feature", "geometry": {"type": "Point", "coordinates": [18.039645, 59.394045]}, "properties": {"sighting_id": 1132, "icao": "4aab15", "time": 1791033111.47, "alt_ft": 250}}, {"type": "Feature", "geometry": {"type": "Point", "coordinates": [18.258179, 59.220703]}, "properties": {"sighting_id": 1132, "icao": "4aad15", "time": 1791033111.51, "alt_ft": 650}}, {"type": "Feature", "geometry": {"type": "Point", "coordinates": [18.908936, 59.175934]}, "properties": {"sighting_id": 1132, "icao": "4aca4f", "time": 1791033111.8, "alt_ft": 20000}}, {"type": "Feature", "geometry": {"type": "Point", "coordinates": [17.940216, 59.284561]}, "properties": {"sighting_id": 1132, "icao": "4aacaf", "time": 1791033111.85, "alt_ft": 925}}, {"type": "Feature", "geometry": {"type": "Point", "coordinates": [18.116739, 59.794906]}, "properties": {"sighting_id": 1132, "icao": "4ac9ef", "time": 1791033112.28, "alt_ft": 2750}}, {"type": "Feature", "geometry": {"type": "Point", "coordinates": [18.512787, 59.305847]}, "properties": {"sighting_id": 1132, "icao": "4aca8a", "time": 1791033112.33, "alt_ft": 12650}}, {"type": "Feature", "geometry": {"type": "Point", "coordinates": [17.533356, 59.356567]}, "properties": {"sighting_id": 1132, "icao": "4caff8", "time": 1791033112.58, "alt_ft": 10700}}, {"type": "Feature", "geometry": {"type": "Point", "coordinates": [18.122327, 59.571642]}, "properties": {"sighting_id": 1132, "icao": "4aca53", "time": 1791033113.02, "alt_ft": 6975}}, {"type": "Feature", "geometry": {"type": "Point", "coordinates": [18.256805, 59.220795]}, "properties": {"sighting_id": 1132, "icao": "4aad15", "time": 1791033113.1, "alt_ft": 650}}, {"type": "Feature", "geometry": {"type": "Point", "coordinates": [18.040214, 59.393533]}, "properties": {"sighting_id": 1132, "icao": "4aab15", "time": 1791033113.6, "alt_ft": 250}}, {"type": "Feature", "geometry": {"type": "Point", "coordinates": [18.028839, 59.588608]}, "properties": {"sighting_id": 1132, "icao": "4ab56f", "time": 1791033113.76, "alt_ft": 2650}}, {"type": "Feature", "geometry": {"type": "Point", "coordinates": [18.255066, 59.221069]}, "properties": {"sighting_id": 1132, "icao": "4aad15", "time": 1791033115.13, "alt_ft": 650}}, {"type": "Feature", "geometry": {"type": "Point", "coordinates": [18.113708, 59.79744]}, "properties": {"sighting_id": 1132, "icao": "4ac9ef", "time": 1791033115.25, "alt_ft": 2725}}, {"type": "Feature", "geometry": {"type": "Point", "coordinates": [18.040593, 59.393021]}, "properties": {"sighting_id": 1132, "icao": "4aab15", "time": 1791033115.79, "alt_ft": 225}}, {"type": "Feature", "geometry": {"type": "Point", "coordinates": [18.122517, 59.575087]}, "properties": {"sighting_id": 1132, "icao": "4aca53", "time": 1791033116.0, "alt_ft": 6975}}, {"type": "Feature", "geometry": {"type": "Point", "coordinates": [18.030837, 59.586539]}, "properties": {"sighting_id": 1132, "icao": "4ab56f", "time": 1791033116.23, "alt_ft": 2700}}, {"type": "Feature", "geometry": {"type": "Point", "coordinates": [18.040741, 59.392868]}, "properties": {"sighting_id": 1132, "icao": "4aab15", "time": 1791033116.74, "alt_ft": 225}}, {"type": "Feature", "geometry": {"type": "Point", "coordinates": [17.936128, 59.284833]}, "properties": {"sighting_id": 1132, "icao": "4aacaf", "time": 1791033116.96, "alt_ft": 925}}, {"type": "Feature", "geometry": {"type": "Point", "coordinates": [18.252837, 59.221522]}, "properties": {"sighting_id": 1132, "icao": "4aad15", "time": 1791033117.77, "alt_ft": 650}}, {"type": "Feature", "geometry": {"type": "Point", "coordinates": [17.526319, 59.349448]}, "properties": {"sighting_id": 1132, "icao": "4caff8", "time": 1791033117.85, "alt_ft": 10900}}, {"type": "Feature", "geometry": {"type": "Point", "coordinates": [18.110321, 59.799683]}, "properties": {"sighting_id": 1132, "icao": "4ac9ef", "time": 1791033118.09, "alt_ft": 2700}}, {"type": "Feature", "geometry": {"type": "Point", "coordinates": [18.52478, 59.298111]}, "properties": {"sighting_id": 1132, "icao": "4aca8a", "time": 1791033118.29, "alt_ft": 12900}}, {"type": "Feature", "geometry": {"type": "Point", "coordinates": [18.040924, 59.392365]}, "properties": {"sighting_id": 1132, "icao": "4aab15", "time": 1791033118.86, "alt_ft": 200}}, {"type": "Feature", "geometry": {"type": "Point", "coordinates": [18.358429, 59.436035]}, "properties": {"sighting_id": 1132, "icao": "4a9755", "time": 1791033119.01, "alt_ft": 500}}, {"type": "Feature", "geometry": {"type": "Point", "coordinates": [18.032921, 59.583885]}, "properties": {"sighting_id": 1132, "icao": "4ab56f", "time": 1791033119.27, "alt_ft": 2750}}, {"type": "Feature", "geometry": {"type": "Point", "coordinates": [18.929718, 59.16568]}, "properties": {"sighting_id": 1132, "icao": "4aca4f", "time": 1791033119.88, "alt_ft": 20375}}, {"type": "Feature", "geometry": {"type": "Point", "coordinates": [18.041107, 59.392181]}, "properties": {"sighting_id": 1132, "icao": "4aab15", "time": 1791033120.34, "alt_ft": 200}}, {"type": "Feature", "geometry": {"type": "Point", "coordinates": [18.106842, 59.801468]}, "properties": {"sighting_id": 1132, "icao": "4ac9ef", "time": 1791033120.71, "alt_ft": 2675}}, {"type": "Feature", "geometry": {"type": "Point", "coordinates": [18.041016, 59.391861]}, "properties": {"sighting_id": 1132, "icao": "4aab15", "time": 1791033121.96, "alt_ft": 175}}, {"type": "Feature", "geometry": {"type": "Point", "coordinates": [18.122955, 59.582565]}, "properties": {"sighting_id": 1132, "icao": "4aca53", "time": 1791033122.44, "alt_ft": 6975}}, {"type": "Feature", "geometry": {"type": "Point", "coordinates": [18.034515, 59.581055]}, "properties": {"sighting_id": 1132, "icao": "4ab56f", "time": 1791033122.44, "alt_ft": 2825}}, {"type": "Feature", "geometry": {"type": "Point", "coordinates": [18.357971, 59.434845]}, "properties": {"sighting_id": 1132, "icao": "4a9755", "time": 1791033122.72, "alt_ft": 550}}, {"type": "Feature", "geometry": {"type": "Point", "coordinates": [17.519689, 59.342791]}, "properties": {"sighting_id": 1132, "icao": "4caff8", "time": 1791033122.77, "alt_ft": 11100}}, {"type": "Feature", "geometry": {"type": "Point", "coordinates": [18.937115, 59.161982]}, "properties": {"sighting_id": 1132, "icao": "4aca4f", "time": 1791033122.93, "alt_ft": 20500}}, {"type": "Feature", "geometry": {"type": "Point", "coordinates": [18.103271, 59.803116]}, "properties": {"sighting_id": 1132, "icao": "4ac9ef", "time": 1791033123.2, "alt_ft": 2650}}, {"type": "Feature", "geometry": {"type": "Point", "coordinates": [18.040877, 59.391531]}, "properties": {"sighting_id": 1132, "icao": "4aab15", "time": 1791033124.6, "alt_ft": 150}}, {"type": "Feature", "geometry": {"type": "Point", "coordinates": [17.929309, 59.285439]}, "properties": {"sighting_id": 1132, "icao": "4aacaf", "time": 1791033125.43, "alt_ft": 900}}, {"type": "Feature", "geometry": {"type": "Point", "coordinates": [18.035573, 59.578066]}, "properties": {"sighting_id": 1132, "icao": "4ab56f", "time": 1791033125.67, "alt_ft": 2900}}, {"type": "Feature", "geometry": {"type": "Point", "coordinates": [18.539703, 59.288544]}, "properties": {"sighting_id": 1132, "icao": "4aca8a", "time": 1791033125.77, "alt_ft": 13175}}, {"type": "Feature", "geometry": {"type": "Point", "coordinates": [18.099335, 59.804443]}, "properties": {"sighting_id": 1132, "icao": "4ac9ef", "time": 1791033125.89, "alt_ft": 2625}}, {"type": "Feature", "geometry": {"type": "Point", "coordinates": [18.040649, 59.391357]}, "properties": {"sighting_id": 1132, "icao": "4aab15", "time": 1791033126.2, "alt_ft": 150}}, {"type": "Feature", "geometry": {"type": "Point", "coordinates": [17.513249, 59.336274]}, "properties": {"sighting_id": 1132, "icao": "4caff8", "time": 1791033127.65, "alt_ft": 11300}}, {"type": "Feature", "geometry": {"type": "Point", "coordinates": [18.040308, 59.391205]}, "properties": {"sighting_id": 1132, "icao": "4aab15", "time": 1791033127.88, "alt_ft": 150}}, {"type": "Feature", "geometry": {"type": "Point", "coordinates": [18.123369, 59.589937]}, "properties": {"sighting_id": 1132, "icao": "4aca53", "time": 1791033128.95, "alt_ft": 6975}}, {"type": "Feature", "geometry": {"type": "Point", "coordinates": [18.094574, 59.805725]}, "properties": {"sighting_id": 1132, "icao": "4ac9ef", "time": 1791033128.99, "alt_ft": 2625}}, {"type": "Feature", "geometry": {"type": "Point", "coordinates": [18.040192, 59.39122]}, "properties": {"sighting_id": 1132, "icao": "4aab15", "time": 1791033129.32, "alt_ft": 150}}, {"type": "Feature", "geometry": {"type": "Point", "coordinates": [18.036163, 59.574692]}, "properties": {"sighting_id": 1132, "icao": "4ab56f", "time": 1791033129.38, "alt_ft": 2975}}, {"type": "Feature", "geometry": {"type": "Point", "coordinates": [18.357056, 59.432281]}, "properties": {"sighting_id": 1132, "icao": "4a9755", "time": 1791033130.22, "alt_ft": 625}}, {"type": "Feature", "geometry": {"type": "Point", "coordinates": [18.242523, 59.223724]}, "properties": {"sighting_id": 1132, "icao": "4aad15", "time": 1791033130.53, "alt_ft": 625}}, {"type": "Feature", "geometry": {"type": "Point", "coordinates": [18.090271, 59.806549]}, "properties": {"sighting_id": 1132, "icao": "4ac9ef", "time": 1791033131.48, "alt_ft": 2600}}, {"type": "Feature", "geometry": {"type": "Point", "coordinates": [18.039835, 59.391019]}, "properties": {"sighting_id": 1132, "icao": "4aab15", "time": 1791033131.76, "alt_ft": 125}}, {"type": "Feature", "geometry": {"type": "Point", "coordinates": [18.036438, 59.572174]}, "properties": {"sighting_id": 1132, "icao": "4ab56f", "time": 1791033132.14, "alt_ft": 3050}}, {"type": "Feature", "geometry": {"type": "Point", "coordinates": [18.96167, 59.149887]}, "properties": {"sighting_id": 1132, "icao": "4aca4f", "time": 1791033132.29, "alt_ft": 20875}}, {"type": "Feature", "geometry": {"type": "Point", "coordinates": [17.506897, 59.329926]}, "properties": {"sighting_id": 1132, "icao": "4caff8", "time": 1791033132.29, "alt_ft": 11450}}, {"type": "Feature", "geometry": {"type": "Point", "coordinates": [18.039835, 59.391066]}, "properties": {"sighting_id": 1132, "icao": "4aab15", "time": 1791033132.83, "alt_ft": 125}}, {"type": "Feature", "geometry": {"type": "Point", "coordinates": [18.356506, 59.43132]}, "properties": {"sighting_id": 1132, "icao": "4a9755", "time": 1791033133.03, "alt_ft": 625}}, {"type": "Feature", "geometry": {"type": "Point", "coordinates": [18.23996, 59.224411]}, "properties": {"sighting_id": 1132, "icao": "4aad15", "time": 1791033133.67, "alt_ft": 625}}, {"type": "Feature", "geometry": {"type": "Point", "coordinates": [18.039642, 59.391037]}, "properties": {"sighting_id": 1132, "icao": "4aab15", "time": 1791033133.92, "alt_ft": 100}}, {"type": "Feature", "geometry": {"type": "Point", "coordinates": [18.08551, 59.807236]}, "properties": {"sighting_id": 1132, "icao": "4ac9ef", "time": 1791033134.27, "alt_ft": 2575}}, {"type": "Feature", "geometry": {"type": "Point", "coordinates": [18.558105, 59.276825]}, "properties": {"sighting_id": 1132, "icao": "4aca8a", "time": 1791033134.92, "alt_ft": 13550}}, {"type": "Feature", "geometry": {"type": "Point", "coordinates": [18.039456, 59.391066]}, "properties": {"sighting_id": 1132, "icao": "4aab15", "time": 1791033135.39, "alt_ft": 100}}, {"type": "Feature", "geometry": {"type": "Point", "coordinates": [18.036713, 59.569016]}, "properties": {"sighting_id": 1132, "icao": "4ab56f", "time": 1791033135.69, "alt_ft": 3125}}, {"type": "Feature", "geometry": {"type": "Point", "coordinates": [18.081318, 59.807522]}, "properties": {"sighting_id": 1132, "icao": "4ac9ef", "time": 1791033136.77, "alt_ft": 2550}}, {"type": "Feature", "geometry": {"type": "Point", "coordinates": [18.562317, 59.274124]}, "properties": {"sighting_id": 1132, "icao": "4aca8a", "time": 1791033136.99, "alt_ft": 13625}}, {"type": "Feature", "geometry": {"type": "Point", "coordinates": [18.039267, 59.391066]}, "properties": {"sighting_id": 1132, "icao": "4aab15", "time": 1791033137.25, "alt_ft": 75}}, {"type": "Feature", "geometry": {"type": "Point", "coordinates": [18.237115, 59.225386]}, "properties": {"sighting_id": 1132, "icao": "4aad15", "time": 1791033137.58, "alt_ft": 625}}, {"type": "Feature", "geometry": {"type": "Point", "coordinates": [17.499042, 59.322029]}, "properties": {"sighting_id": 1132, "icao": "4caff8", "time": 1791033138.11, "alt_ft": 11650}}, {"type": "Feature", "geometry": {"type": "Point", "coordinates": [18.036804, 59.566635]}, "properties": {"sighting_id": 1132, "icao": "4ab56f", "time": 1791033138.32, "alt_ft": 3200}}, {"type": "Feature", "geometry": {"type": "Point", "coordinates": [18.039172, 59.391066]}, "properties": {"sighting_id": 1132, "icao": "4aab15", "time": 1791033138.61, "alt_ft": 75}}, {"type": "Feature", "geometry": {"type": "Point", "coordinates": [18.076996, 59.807648]}, "properties": {"sighting_id": 1132, "icao": "4ac9ef", "time": 1791033139.3, "alt_ft": 2550}}, {"type": "Feature", "geometry": {"type": "Point", "coordinates": [18.036896, 59.56517]}, "properties": {"sighting_id": 1132, "icao": "4ab56f", "time": 1791033139.84, "alt_ft": 3225}}, {"type": "Feature", "geometry": {"type": "Point", "coordinates": [18.355133, 59.42894]}, "properties": {"sighting_id": 1132, "icao": "4a9755", "time": 1791033140.26, "alt_ft": 700}}, {"type": "Feature", "geometry": {"type": "Point", "coordinates": [17.916712, 59.286649]}, "properties": {"sighting_id": 1132, "icao": "4aacaf", "time": 1791033140.71, "alt_ft": 850}}, {"type": "Feature", "geometry": {"type": "Point", "coordinates": [18.983617, 59.139032]}, "properties": {"sighting_id": 1132, "icao": "4aca4f", "time": 1791033140.9, "alt_ft": 21250}}, {"type": "Feature", "geometry": {"type": "Point", "coordinates": [18.124127, 59.603158]}, "properties": {"sighting_id": 1132, "icao": "4aca53", "time": 1791033140.92, "alt_ft": 6975}}, {"type": "Feature", "geometry": {"type": "Point", "coordinates": [17.494629, 59.317566]}, "properties": {"sighting_id": 1132, "icao": "4caff8", "time": 1791033141.39, "alt_ft": 11775}}, {"type": "Feature", "geometry": {"type": "Point", "coordinates": [18.036994, 59.563728]}, "properties": {"sighting_id": 1132, "icao": "4ab56f", "time": 1791033141.61, "alt_ft": 3300}}, {"type": "Feature", "geometry": {"type": "Point", "coordinates": [18.072693, 59.807419]}, "properties": {"sighting_id": 1132, "icao": "4ac9ef", "time": 1791033141.7, "alt_ft": 2525}}, {"type": "Feature", "geometry": {"type": "Point", "coordinates": [18.234009, 59.226562]}, "properties": {"sighting_id": 1132, "icao": "4aad15", "time": 1791033141.89, "alt_ft": 600}}, {"type": "Feature", "geometry": {"type": "Point", "coordinates": [18.124221, 59.60488]}, "properties": {"sighting_id": 1132, "icao": "4aca53", "time": 1791033142.55, "alt_ft": 6975}}, {"type": "Feature", "geometry": {"type": "Point", "coordinates": [18.037079, 59.561966]}, "properties": {"sighting_id": 1132, "icao": "4ab56f", "time": 1791033143.58, "alt_ft": 3375}}, {"type": "Feature", "geometry": {"type": "Point", "coordinates": [18.991194, 59.135308]}, "properties": {"sighting_id": 1132, "icao": "4aca4f", "time": 1791033143.77, "alt_ft": 21350}}, {"type": "Feature", "geometry": {"type": "Point", "coordinates": [18.124329, 59.606277]}, "properties": {"sighting_id": 1132, "icao": "4aca53", "time": 1791033143.89, "alt_ft": 6950}}, {"type": "Feature", "geometry": {"type": "Point", "coordinates": [18.576599, 59.26506]}, "properties": {"sighting_id": 1132, "icao": "4aca8a", "time": 1791033144.04, "alt_ft": 13850}}, {"type": "Feature", "geometry": {"type": "Point", "coordinates": [18.068298, 59.806961]}, "properties": {"sighting_id": 1132, "icao": "4ac9ef", "time": 1791033144.39, "alt_ft": 2500}}, {"type": "Feature", "geometry": {"type": "Point", "coordinates": [18.124411, 59.608046]}, "properties": {"sighting_id": 1132, "icao": "4aca53", "time": 1791033145.36, "alt_ft": 6925}}, {"type": "Feature", "geometry": {"type": "Point", "coordinates": [18.038793, 59.391066]}, "properties": {"sighting_id": 1132, "icao": "4aab15", "time": 1791033145.44, "alt_ft": 50}}, {"type": "Feature", "geometry": {"type": "Point", "coordinates": [18.037278, 59.560143]}, "properties": {"sighting_id": 1132, "icao": "4ab56f", "time": 1791033145.59, "alt_ft": 3450}}, {"type": "Feature", "geometry": {"type": "Point", "coordinates": [18.23077, 59.227807]}, "properties": {"sighting_id": 1132, "icao": "4aad15", "time": 1791033146.15, "alt_ft": 575}}, {"type": "Feature", "geometry": {"type": "Point", "coordinates": [18.064911, 59.806458]}, "properties": {"sighting_id": 1132, "icao": "4ac9ef", "time": 1791033146.49, "alt_ft": 2500}}, {"type": "Feature", "geometry": {"type": "Point", "coordinates": [17.487305, 59.310104]}, "properties": {"sighting_id": 1132, "icao": "4caff8", "time": 1791033146.82, "alt_ft": 11975}}, {"type": "Feature", "geometry": {"type": "Point", "coordinates": [18.58255, 59.261307]}, "properties": {"sighting_id": 1132, "icao": "4aca8a", "time": 1791033146.9, "alt_ft": 13975}}, {"type": "Feature", "geometry": {"type": "Point", "coordinates": [18.353987, 59.426725]}, "properties": {"sighting_id": 1132, "icao": "4a9755", "time": 1791033146.92, "alt_ft": 750}}, {"type": "Feature", "geometry": {"type": "Point", "coordinates": [18.037372, 59.5587]}, "properties": {"sighting_id": 1132, "icao": "4ab56f", "time": 1791033147.09, "alt_ft": 3525}}, {"type": "Feature", "geometry": {"type": "Point", "coordinates": [18.124603, 59.610855]}, "properties": {"sighting_id": 1132, "icao": "4aca53", "time": 1791033148.0, "alt_ft": 6875}}, {"type": "Feature", "geometry": {"type": "Point", "coordinates": [18.06134, 59.805725]}, "properties": {"sighting_id": 1132, "icao": "4ac9ef", "time": 1791033148.63, "alt_ft": 2475}}, {"type": "Feature", "geometry": {"type": "Point", "coordinates": [18.228607, 59.228439]}, "properties": {"sighting_id": 1132, "icao": "4aad15", "time": 1791033148.82, "alt_ft": 600}}, {"type": "Feature", "geometry": {"type": "Point", "coordinates": [18.037657, 59.556745]}, "properties": {"sighting_id": 1132, "icao": "4ab56f", "time": 1791033149.29, "alt_ft": 3600}}, {"type": "Feature", "geometry": {"type": "Point", "coordinates": [18.353394, 59.425919]}, "properties": {"sighting_id": 1132, "icao": "4a9755", "time": 1791033149.45, "alt_ft": 775}}, {"type": "Feature", "geometry": {"type": "Point", "coordinates": [18.124878, 59.614243]}, "properties": {"sighting_id": 1132, "icao": "4aca53", "time": 1791033151.08, "alt_ft": 6800}}, {"type": "Feature", "geometry": {"type": "Point", "coordinates": [18.226887, 59.228831]}, "properties": {"sighting_id": 1132, "icao": "4aad15", "time": 1791033151.1, "alt_ft": 575}}, {"type": "Feature", "geometry": {"type": "Point", "coordinates": [18.057356, 59.804636]}, "properties": {"sighting_id": 1132, "icao": "4ac9ef", "time": 1791033151.3, "alt_ft": 2450}}, {"type": "Feature", "geometry": {"type": "Point", "coordinates": [18.037846, 59.554976]}, "properties": {"sighting_id": 1132, "icao": "4ab56f", "time": 1791033151.36, "alt_ft": 3650}}, {"type": "Feature", "geometry": {"type": "Point", "coordinates": [17.908094, 59.28744]}, "properties": {"sighting_id": 1132, "icao": "4aacaf", "time": 1791033151.53, "alt_ft": 800}}, {"type": "Feature", "geometry": {"type": "Point", "coordinates": [18.352661, 59.425003]}, "properties": {"sighting_id": 1132, "icao": "4a9755", "time": 1791033152.07, "alt_ft": 775}}, {"type": "Feature", "geometry": {"type": "Point", "coordinates": [18.225087, 59.229157]}, "properties": {"sighting_id": 1132, "icao": "4aad15", "time": 1791033153.2, "alt_ft": 575}}, {"type": "Feature", "geometry": {"type": "Point", "coordinates": [18.053568, 59.803379]}, "properties": {"sighting_id": 1132, "icao": "4ac9ef", "time": 1791033153.96, "alt_ft": 2450}}, {"type": "Feature", "geometry": {"type": "Point", "coordinates": [18.03813, 59.552649]}, "properties": {"sighting_id": 1132, "icao": "4ab56f", "time": 1791033154.11, "alt_ft": 3725}}, {"type": "Feature", "geometry": {"type": "Point", "coordinates": [19.019714, 59.121185]}, "properties": {"sighting_id": 1132, "icao": "4aca4f", "time": 1791033154.58, "alt_ft": 21725}}, {"type": "Feature", "geometry": {"type": "Point", "coordinates": [18.125061, 59.618088]}, "properties": {"sighting_id": 1132, "icao": "4aca53", "time": 1791033154.58, "alt_ft": 6725}}, {"type": "Feature", "geometry": {"type": "Point", "coordinates": [18.351654, 59.424042]}, "properties": {"sighting_id": 1132, "icao": "4a9755", "time": 1791033155.4, "alt_ft": 775}}, {"type": "Feature", "geometry": {"type": "Point", "coordinates": [18.600895, 59.249687]}, "properties": {"sighting_id": 1132, "icao": "4aca8a", "time": 1791033155.85, "alt_ft": 14350}}, {"type": "Feature", "geometry": {"type": "Point", "coordinates": [18.222015, 59.229446]}, "properties": {"sighting_id": 1132, "icao": "4aad15", "time": 1791033156.61, "alt_ft": 575}}, {"type": "Feature", "geometry": {"type": "Point", "coordinates": [18.038414, 59.550414]}, "properties": {"sighting_id": 1132, "icao": "4ab56f", "time": 1791033156.63, "alt_ft": 3800}}, {"type": "Feature", "geometry": {"type": "Point", "coordinates": [17.473663, 59.296097]}, "properties": {"sighting_id": 1132, "icao": "4caff8", "time": 1791033156.9, "alt_ft": 12350}}, {"type": "Feature", "geometry": {"type": "Point", "coordinates": [18.049401, 59.801656]}, "properties": {"sighting_id": 1132, "icao": "4ac9ef", "time": 1791033156.98, "alt_ft": 2425}}, {"type": "Feature", "geometry": {"type": "Point", "coordinates": [18.125263, 59.62136]}, "properties": {"sighting_id": 1132, "icao": "4aca53", "time": 1791033157.56, "alt_ft": 6650}}, {"type": "Feature", "geometry": {"type": "Point", "coordinates": [17.902405, 59.288132]}, "properties": {"sighting_id": 1132, "icao": "4aacaf", "time": 1791033158.59, "alt_ft": 775}}, {"type": "Feature", "geometry": {"type": "Point", "coordinates": [18.607999, 59.245124]}, "properties": {"sighting_id": 1132, "icao": "4aca8a", "time": 1791033159.39, "alt_ft": 14475}}, {"type": "Feature", "geometry": {"type": "Point", "coordinates": [18.038793, 59.547761]}, "properties": {"sighting_id": 1132, "icao": "4ab56f", "time": 1791033159.61, "alt_ft": 3850}}, {"type": "Feature", "geometry": {"type": "Point", "coordinates": [18.219499, 59.229623]}, "properties": {"sighting_id": 1132, "icao": "4aad15", "time": 1791033159.65, "alt_ft": 575}}, {"type": "Feature", "geometry": {"type": "Point", "coordinates": [17.900574, 59.288406]}, "properties": {"sighting_id": 1132, "icao": "4aacaf", "time": 1791033160.85, "alt_ft": 750}}, {"type": "Feature", "geometry": {"type": "Point", "coordinates": [18.349548, 59.422302]}, "properties": {"sighting_id": 1132, "icao": "4a9755", "time": 1791033161.06, "alt_ft": 800}}, {"type": "Feature", "geometry": {"type": "Point", "coordinates": [18.04422, 59.799225]}, "properties": {"sighting_id": 1132, "icao": "4ac9ef", "time": 1791033161.06, "alt_ft": 2400}}, {"type": "Feature", "geometry": {"type": "Point", "coordinates": [18.125453, 59.625177]}, "properties": {"sighting_id": 1132, "icao": "4aca53", "time": 1791033161.11, "alt_ft": 6575}}, {"type": "Feature", "geometry": {"type": "Point", "coordinates": [18.039093, 59.546356]}, "properties": {"sighting_id": 1132, "icao": "4ab56f", "time": 1791033161.21, "alt_ft": 3875}}, {"type": "Feature", "geometry": {"type": "Point", "coordinates": [18.217346, 59.229721]}, "properties": {"sighting_id": 1132, "icao": "4aad15", "time": 1791033162.1, "alt_ft": 575}}, {"type": "Feature", "geometry": {"type": "Point", "coordinates": [17.899475, 59.288544]}, "properties": {"sighting_id": 1132, "icao": "4aacaf", "time": 1791033162.24, "alt_ft": 750}}, {"type": "Feature", "geometry": {"type": "Point", "coordinates": [18.039459, 59.544342]}, "properties": {"sighting_id": 1132, "icao": "4ab56f", "time": 1791033163.47, "alt_ft": 3925}}, {"type": "Feature", "geometry": {"type": "Point", "coordinates": [18.215711, 59.229623]}, "properties": {"sighting_id": 1132, "icao": "4aad15", "time": 1791033163.98, "alt_ft": 575}}, {"type": "Feature", "geometry": {"type": "Point", "coordinates": [18.12561, 59.628387]}, "properties": {"sighting_id": 1132, "icao": "4aca53", "time": 1791033164.03, "alt_ft": 6500}}, {"type": "Feature", "geometry": {"type": "Point", "coordinates": [17.897581, 59.288837]}, "properties": {"sighting_id": 1132, "icao": "4aacaf", "time": 1791033164.54, "alt_ft": 750}}, {"type": "Feature", "geometry": {"type": "Point", "coordinates": [18.214953, 59.229529]}, "properties": {"sighting_id": 1132, "icao": "4aad15", "time": 1791033165.03, "alt_ft": 575}}, {"type": "Feature", "geometry": {"type": "Point", "coordinates": [19.047641, 59.107376]}, "properties": {"sighting_id": 1132, "icao": "4aca4f", "time": 1791033165.2, "alt_ft": 22100}}, {"type": "Feature", "geometry": {"type": "Point", "coordinates": [18.214233, 59.229401]}, "properties": {"sighting_id": 1132, "icao": "4aad15", "time": 1791033165.9, "alt_ft": 575}}, {"type": "Feature", "geometry": {"type": "Point", "coordinates": [17.46059, 59.282785]}, "properties": {"sighting_id": 1132, "icao": "4caff8", "time": 1791033166.5, "alt_ft": 12725}}, {"type": "Feature", "geometry": {"type": "Point", "coordinates": [18.125737, 59.63202]}, "properties": {"sighting_id": 1132, "icao": "4aca53", "time": 1791033167.3, "alt_ft": 6425}}, {"type": "Feature", "geometry": {"type": "Point", "coordinates": [18.03652, 59.795232]}, "properties": {"sighting_id": 1132, "icao": "4ac9ef", "time": 1791033167.44, "alt_ft": 2325}}, {"type": "Feature", "geometry": {"type": "Point", "coordinates": [18.213135, 59.229034]}, "properties": {"sighting_id": 1132, "icao": "4aad15", "time": 1791033167.56, "alt_ft": 575}}, {"type": "Feature", "geometry": {"type": "Point", "coordinates": [18.347073, 59.420394]}, "properties": {"sighting_id": 1132, "icao": "4a9755", "time": 1791033167.64, "alt_ft": 800}}, {"type": "Feature", "geometry": {"type": "Point", "coordinates": [18.040192, 59.540359]}, "properties": {"sighting_id": 1132, "icao": "4ab56f", "time": 1791033167.96, "alt_ft": 3975}}, {"type": "Feature", "geometry": {"type": "Point", "coordinates": [17.89474, 59.289256]}, "properties": {"sighting_id": 1132, "icao": "4aacaf", "time": 1791033168.15, "alt_ft": 775}}, {"type": "Feature", "geometry": {"type": "Point", "coordinates": [18.212128, 59.228531]}, "properties": {"sighting_id": 1132, "icao": "4aad15", "time": 1791033169.01, "alt_ft": 600}}, {"type": "Feature", "geometry": {"type": "Point", "coordinates": [18.125793, 59.634567]}, "properties": {"sighting_id": 1132, "icao": "4aca53", "time": 1791033169.63, "alt_ft": 6350}}, {"type": "Feature", "geometry": {"type": "Point", "coordinates": [18.040593, 59.538124]}, "properties": {"sighting_id": 1132, "icao": "4ab56f", "time": 1791033170.34, "alt_ft": 4025}}, {"type": "Feature", "geometry": {"type": "Point", "coordinates": [18.211449, 59.227993]}, "properties": {"sighting_id": 1132, "icao": "4aad15", "time": 1791033170.65, "alt_ft": 600}}, {"type": "Feature", "geometry": {"type": "Point", "coordinates": [18.631108, 59.230414]}, "properties": {"sighting_id": 1132, "icao": "4aca8a", "time": 1791033170.66, "alt_ft": 14850}}, {"type": "Feature", "geometry": {"type": "Point", "coordinates": [18.211165, 59.22776]}, "properties": {"sighting_id": 1132, "icao": "4aad15", "time": 1791033171.12, "alt_ft": 575}}, {"type": "Feature", "geometry": {"type": "Point", "coordinates": [18.041066, 59.536122]}, "properties": {"sighting_id": 1132, "icao": "4ab56f", "time": 1791033172.5, "alt_ft": 4075}}, {"type": "Feature", "geometry": {"type": "Point", "coordinates": [18.210691, 59.227202]}, "properties": {"sighting_id": 1132, "icao": "4aad15", "time": 1791033172.57, "alt_ft": 575}}, {"type": "Feature", "geometry": {"type": "Point", "coordinates": [18.125926, 59.637932]}, "properties": {"sighting_id": 1132, "icao": "4aca53", "time": 1791033172.58, "alt_ft": 6275}}, {"type": "Feature", "geometry": {"type": "Point", "coordinates": [17.890961, 59.289825]}, "properties": {"sighting_id": 1132, "icao": "4aacaf", "time": 1791033173.04, "alt_ft": 775}}, {"type": "Feature", "geometry": {"type": "Point", "coordinates": [18.344055, 59.418228]}, "properties": {"sighting_id": 1132, "icao": "4a9755", "time": 1791033174.71, "alt_ft": 825}}, {"type": "Feature", "geometry": {"type": "Point", "coordinates": [18.126068, 59.640701]}, "properties": {"sighting_id": 1132, "icao": "4aca53", "time": 1791033175.26, "alt_ft": 6200}}, {"type": "Feature", "geometry": {"type": "Point", "coordinates": [18.041656, 59.533447]}, "properties": {"sighting_id": 1132, "icao": "4ab56f", "time": 1791033175.46, "alt_ft": 4150}}, {"type": "Feature", "geometry": {"type": "Point", "coordinates": [19.075836, 59.093399]}, "properties": {"sighting_id": 1132, "icao": "4aca4f", "time": 1791033175.86, "alt_ft": 22475}}, {"type": "Feature", "geometry": {"type": "Point", "coordinates": [17.447662, 59.269455]}, "properties": {"sighting_id": 1132, "icao": "4caff8", "time": 1791033176.0, "alt_ft": 13100}}, {"type": "Feature", "geometry": {"type": "Point", "coordinates": [18.026367, 59.789749]}, "properties": {"sighting_id": 1132, "icao": "4ac9ef", "time": 1791033176.04, "alt_ft": 2250}}, {"type": "Feature", "geometry": {"type": "Point", "coordinates": [17.888489, 59.29028]}, "properties": {"sighting_id": 1132, "icao": "4aacaf", "time": 1791033176.57, "alt_ft": 775}}, {"type": "Feature", "geometry": {"type": "Point", "coordinates": [18.126115, 59.643425]}, "properties": {"sighting_id": 1132, "icao": "4aca53", "time": 1791033177.54, "alt_ft": 6125}}, {"type": "Feature", "geometry": {"type": "Point", "coordinates": [18.042114, 59.531296]}, "properties": {"sighting_id": 1132, "icao": "4ab56f", "time": 1791033177.71, "alt_ft": 4225}}, {"type": "Feature", "geometry": {"type": "Point", "coordinates": [18.208832, 59.22464]}, "properties": {"sighting_id": 1132, "icao": "4aad15", "time": 1791033178.71, "alt_ft": 600}}, {"type": "Feature", "geometry": {"type": "Point", "coordinates": [17.886689, 59.290746]}, "properties": {"sighting_id": 1132, "icao": "4aacaf", "time": 1791033179.2, "alt_ft": 775}}, {"type": "Feature", "geometry": {"type": "Point", "coordinates": [18.022314, 59.787598]}, "properties": {"sighting_id": 1132, "icao": "4ac9ef", "time": 1791033179.56, "alt_ft": 2250}}, {"type": "Feature", "geometry": {"type": "Point", "coordinates": [18.12621, 59.646219]}, "properties": {"sighting_id": 1132, "icao": "4aca53", "time": 1791033180.1, "alt_ft": 6050}}, {"type": "Feature", "geometry": {"type": "Point", "coordinates": [18.208134, 59.223897]}, "properties": {"sighting_id": 1132, "icao": "4aad15", "time": 1791033180.58, "alt_ft": 625}}, {"type": "Feature", "geometry": {"type": "Point", "coordinates": [19.089752, 59.086533]}, "properties": {"sighting_id": 1132, "icao": "4aca4f", "time": 1791033181.01, "alt_ft": 22650}}, {"type": "Feature", "geometry": {"type": "Point", "coordinates": [18.042847, 59.528183]}, "properties": {"sighting_id": 1132, "icao": "4ab56f", "time": 1791033181.16, "alt_ft": 4300}}, {"type": "Feature", "geometry": {"type": "Point", "coordinates": [18.654027, 59.215703]}, "properties": {"sighting_id": 1132, "icao": "4aca8a", "time": 1791033181.83, "alt_ft": 15225}}, {"type": "Feature", "geometry": {"type": "Point", "coordinates": [18.207458, 59.223358]}, "properties": {"sighting_id": 1132, "icao": "4aad15", "time": 1791033182.05, "alt_ft": 625}}, {"type": "Feature", "geometry": {"type": "Point", "coordinates": [18.1264, 59.649524]}, "properties": {"sighting_id": 1132, "icao": "4aca53", "time": 1791033182.9, "alt_ft": 5975}}, {"type": "Feature", "geometry": {"type": "Point", "coordinates": [17.883728, 59.291656]}, "properties": {"sighting_id": 1132, "icao": "4aacaf", "time": 1791033183.66, "alt_ft": 775}}, {"type": "Feature", "geometry": {"type": "Point", "coordinates": [18.206429, 59.222686]}, "properties": {"sighting_id": 1132, "icao": "4aad15", "time": 1791033184.23, "alt_ft": 625}}, {"type": "Feature", "geometry": {"type": "Point", "coordinates": [18.043529, 59.525229]}, "properties": {"sighting_id": 1132, "icao": "4ab56f", "time": 1791033184.38, "alt_ft": 4375}}, {"type": "Feature", "geometry": {"type": "Point", "coordinates": [18.338834, 59.414854]}, "properties": {"sighting_id": 1132, "icao": "4a9755", "time": 1791033185.26, "alt_ft": 825}}, {"type": "Feature", "geometry": {"type": "Point", "coordinates": [17.43445, 59.255878]}, "properties": {"sighting_id": 1132, "icao": "4caff8", "time": 1791033185.68, "alt_ft": 13475}}, {"type": "Feature", "geometry": {"type": "Point", "coordinates": [18.126434, 59.652695]}, "properties": {"sighting_id": 1132, "icao": "4aca53", "time": 1791033185.72, "alt_ft": 5900}}, {"type": "Feature", "geometry": {"type": "Point", "coordinates": [18.205261, 59.222168]}, "properties": {"sighting_id": 1132, "icao": "4aad15", "time": 1791033186.07, "alt_ft": 625}}, {"type": "Feature", "geometry": {"type": "Point", "coordinates": [18.013092, 59.782333]}, "properties": {"sighting_id": 1132, "icao": "4ac9ef", "time": 1791033187.43, "alt_ft": 2225}}, {"type": "Feature", "geometry": {"type": "Point", "coordinates": [18.044312, 59.522003]}, "properties": {"sighting_id": 1132, "icao": "4ab56f", "time": 1791033187.84, "alt_ft": 4450}}, {"type": "Feature", "geometry": {"type": "Point", "coordinates": [18.126526, 59.655441]}, "properties": {"sighting_id": 1132, "icao": "4aca53", "time": 1791033188.11, "alt_ft": 5825}}, {"type": "Feature", "geometry": {"type": "Point", "coordinates": [18.203872, 59.221662]}, "properties": {"sighting_id": 1132, "icao": "4aad15", "time": 1791033188.17, "alt_ft": 625}}, {"type": "Feature", "geometry": {"type": "Point", "coordinates": [17.880628, 59.292701]}, "properties": {"sighting_id": 1132, "icao": "4aacaf", "time": 1791033188.52, "alt_ft": 775}}, {"type": "Feature", "geometry": {"type": "Point", "coordinates": [18.010437, 59.780228]}, "properties": {"sighting_id": 1132, "icao": "4ac9ef", "time": 1791033190.46, "alt_ft": 2225}}, {"type": "Feature", "geometry": {"type": "Point", "coordinates": [18.336182, 59.413038]}, "properties": {"sighting_id": 1132, "icao": "4a9755", "time": 1791033190.9, "alt_ft": 850}}, {"type": "Feature", "geometry": {"type": "Point", "coordinates": [18.126709, 59.658737]}, "properties": {"sighting_id": 1132, "icao": "4aca53", "time": 1791033190.98, "alt_ft": 5750}}, {"type": "Feature", "geometry": {"type": "Point", "coordinates": [18.045139, 59.518898]}, "properties": {"sighting_id": 1132, "icao": "4ab56f", "time": 1791033191.21, "alt_ft": 4525}}, {"type": "Feature", "geometry": {"type": "Point", "coordinates": [18.201694, 59.221057]}, "properties": {"sighting_id": 1132, "icao": "4aad15", "time": 1791033191.34, "alt_ft": 625}}, {"type": "Feature", "geometry": {"type": "Point", "coordinates": [18.673822, 59.202855]}, "properties": {"sighting_id": 1132, "icao": "4aca8a", "time": 1791033191.55, "alt_ft": 15550}}, {"type": "Feature", "geometry": {"type": "Point", "coordinates": [17.878693, 59.293396]}, "properties": {"sighting_id": 1132, "icao": "4aacaf", "time": 1791033191.81, "alt_ft": 750}}, {"type": "Feature", "geometry": {"type": "Point", "coordinates": [19.119049, 59.072021]}, "properties": {"sighting_id": 1132, "icao": "4aca4f", "time": 1791033191.96, "alt_ft": 23025}}, {"type": "Feature", "geometry": {"type": "Point", "coordinates": [18.335266, 59.412277]}, "properties": {"sighting_id": 1132, "icao": "4a9755", "time": 1791033192.93, "alt_ft": 875}}, {"type": "Feature", "geometry": {"type": "Point", "coordinates": [18.008012, 59.777822]}, "properties": {"sighting_id": 1132, "icao": "4ac9ef", "time": 1791033193.5, "alt_ft": 2200}}, {"type": "Feature", "geometry": {"type": "Point", "coordinates": [18.126778, 59.66172]}, "properties": {"sighting_id": 1132, "icao": "4aca53", "time": 1791033193.68, "alt_ft": 5675}}, {"type": "Feature", "geometry": {"type": "Point", "coordinates": [17.422028, 59.243088]}, "properties": {"sighting_id": 1132, "icao": "4caff8", "time": 1791033194.71, "alt_ft": 13800}}, {"type": "Feature", "geometry": {"type": "Point", "coordinates": [18.045991, 59.515546]}, "properties": {"sighting_id": 1132, "icao": "4ab56f", "time": 1791033194.82, "alt_ft": 4600}}, {"type": "Feature", "geometry": {"type": "Point", "coordinates": [17.876495, 59.294128]}, "properties": {"sighting_id": 1132, "icao": "4aacaf", "time": 1791033195.12, "alt_ft": 725}}, {"type": "Feature", "geometry": {"type": "Point", "coordinates": [18.006592, 59.776108]}, "properties": {"sighting_id": 1132, "icao": "4ac9ef", "time": 1791033195.71, "alt_ft": 2200}}, {"type": "Feature", "geometry": {"type": "Point", "coordinates": [18.126892, 59.664963]}, "properties": {"sighting_id": 1132, "icao": "4aca53", "time": 1791033196.36, "alt_ft": 5600}}, {"type": "Feature", "geometry": {"type": "Point", "coordinates": [18.334167, 59.410995]}, "properties": {"sighting_id": 1132, "icao": "4a9755", "time": 1791033196.58, "alt_ft": 900}}, {"type": "Feature", "geometry": {"type": "Point", "coordinates": [18.00555, 59.77447]}, "properties": {"sighting_id": 1132, "icao": "4ac9ef", "time": 1791033197.69, "alt_ft": 2200}}, {"type": "Feature", "geometry": {"type": "Point", "coordinates": [18.046783, 59.512253]}, "properties": {"sighting_id": 1132, "icao": "4ab56f", "time": 1791033198.38, "alt_ft": 4675}}, {"type": "Feature", "geometry": {"type": "Point", "coordinates": [17.874093, 59.294842]}, "properties": {"sighting_id": 1132, "icao": "4aacaf", "time": 1791033198.6, "alt_ft": 700}}, {"type": "Feature", "geometry": {"type": "Point", "coordinates": [18.126984, 59.668304]}, "properties": {"sighting_id": 1132, "icao": "4aca53", "time": 1791033199.39, "alt_ft": 5525}}, {"type": "Feature", "geometry": {"type": "Point", "coordinates": [18.692139, 59.190994]}, "properties": {"sighting_id": 1132, "icao": "4aca8a", "time": 1791033200.54, "alt_ft": 15825}}, {"type": "Feature", "geometry": {"type": "Point", "coordinates": [18.195374, 59.219376]}, "properties": {"sighting_id": 1132, "icao": "4aad15", "time": 1791033200.67, "alt_ft": 650}}, {"type": "Feature", "geometry": {"type": "Point", "coordinates": [18.004319, 59.772049]}, "properties": {"sighting_id": 1132, "icao": "4ac9ef", "time": 1791033200.79, "alt_ft": 2200}}, {"type": "Feature", "geometry": {"type": "Point", "coordinates": [17.871915, 59.295308]}, "properties": {"sighting_id": 1132, "icao": "4aacaf", "time": 1791033201.56, "alt_ft": 700}}, {"type": "Feature", "geometry": {"type": "Point", "coordinates": [18.047607, 59.508865]}, "properties": {"sighting_id": 1132, "icao": "4ab56f", "time": 1791033201.96, "alt_ft": 4750}}, {"type": "Feature", "geometry": {"type": "Point", "coordinates": [18.127063, 59.671636]}, "properties": {"sighting_id": 1132, "icao": "4aca53", "time": 1791033202.32, "alt_ft": 5450}}, {"type": "Feature", "geometry": {"type": "Point", "coordinates": [19.148791, 59.05724]}, "properties": {"sighting_id": 1132, "icao": "4aca4f", "time": 1791033202.96, "alt_ft": 23400}}, {"type": "Feature", "geometry": {"type": "Point", "coordinates": [17.409668, 59.230316]}, "properties": {"sighting_id": 1132, "icao": "4caff8", "time": 1791033203.66, "alt_ft": 14125}}, {"type": "Feature", "geometry": {"type": "Point", "coordinates": [17.870115, 59.295587]}, "properties": {"sighting_id": 1132, "icao": "4aacaf", "time": 1791033203.96, "alt_ft": 700}}, {"type": "Feature", "geometry": {"type": "Point", "coordinates": [18.127167, 59.674667]}, "properties": {"sighting_id": 1132, "icao": "4aca53", "time": 1791033204.88, "alt_ft": 5375}}, {"type": "Feature", "geometry": {"type": "Point", "coordinates": [18.002838, 59.768555]}, "properties": {"sighting_id": 1132, "icao": "4ac9ef", "time": 1791033205.08, "alt_ft": 2200}}, {"type": "Feature", "geometry": {"type": "Point", "coordinates": [18.331351, 59.407592]}, "properties": {"sighting_id": 1132, "icao": "4a9755", "time": 1791033205.21, "alt_ft": 900}}, {"type": "Feature", "geometry": {"type": "Point", "coordinates": [18.048523, 59.505432]}, "properties": {"sighting_id": 1132, "icao": "4ab56f", "time": 1791033205.63, "alt_ft": 4825}}, {"type": "Feature", "geometry": {"type": "Point", "coordinates": [18.191086, 59.218171]}, "properties": {"sighting_id": 1132, "icao": "4aad15", "time": 1791033207.15, "alt_ft": 700}}, {"type": "Feature", "geometry": {"type": "Point", "coordinates": [18.127252, 59.677921]}, "properties": {"sighting_id": 1132, "icao": "4aca53", "time": 1791033207.7, "alt_ft": 5300}}, {"type": "Feature", "geometry": {"type": "Point", "coordinates": [17.86699, 59.295913]}, "properties": {"sighting_id": 1132, "icao": "4aacaf", "time": 1791033208.14, "alt_ft": 700}}, {"type": "Feature", "geometry": {"type": "Point", "coordinates": [18.001923, 59.766037]}, "properties": {"sighting_id": 1132, "icao": "4ac9ef", "time": 1791033208.2, "alt_ft": 2200}}, {"type": "Feature", "geometry": {"type": "Point", "coordinates": [18.049306, 59.502232]}, "properties": {"sighting_id": 1132, "icao": "4ab56f", "time": 1791033209.02, "alt_ft": 4900}}, {"type": "Feature", "geometry": {"type": "Point", "coordinates": [18.001288, 59.764275]}, "properties": {"sighting_id": 1132, "icao": "4ac9ef", "time": 1791033210.35, "alt_ft": 2175}}, {"type": "Feature", "geometry": {"type": "Point", "coordinates": [18.127252, 59.681319]}, "properties": {"sighting_id": 1132, "icao": "4aca53", "time": 1791033210.53, "alt_ft": 5225}}, {"type": "Feature", "geometry": {"type": "Point", "coordinates": [18.188434, 59.217426]}, "properties": {"sighting_id": 1132, "icao": "4aad15", "time": 1791033211.22, "alt_ft": 700}}, {"type": "Feature", "geometry": {"type": "Point", "coordinates": [18.715399, 59.175855]}, "properties": {"sighting_id": 1132, "icao": "4aca8a", "time": 1791033211.82, "alt_ft": 16200}}, {"type": "Feature", "geometry": {"type": "Point", "coordinates": [18.000625, 59.762692]}, "properties": {"sighting_id": 1132, "icao": "4ac9ef", "time": 1791033212.31, "alt_ft": 2150}}, {"type": "Feature", "geometry": {"type": "Point", "coordinates": [18.050079, 59.499069]}, "properties": {"sighting_id": 1132, "icao": "4ab56f", "time": 1791033212.36, "alt_ft": 4975}}, {"type": "Feature", "geometry": {"type": "Point", "coordinates": [18.12735, 59.684601]}, "properties": {"sighting_id": 1132, "icao": "4aca53", "time": 1791033213.24, "alt_ft": 5150}}, {"type": "Feature", "geometry": {"type": "Point", "coordinates": [17.395935, 59.21608]}, "properties": {"sighting_id": 1132, "icao": "4caff8", "time": 1791033213.58, "alt_ft": 14500}}, {"type": "Feature", "geometry": {"type": "Point", "coordinates": [18.0, 59.761002]}, "properties": {"sighting_id": 1132, "icao": "4ac9ef", "time": 1791033214.3, "alt_ft": 2100}}, {"type": "Feature", "geometry": {"type": "Point", "coordinates": [19.180329, 59.041551]}, "properties": {"sighting_id": 1132, "icao": "4aca4f", "time": 1791033214.54, "alt_ft": 23775}}, {"type": "Feature", "geometry": {"type": "Point", "coordinates": [18.050821, 59.496227]}, "properties": {"sighting_id": 1132, "icao": "4ab56f", "time": 1791033215.39, "alt_ft": 5050}}, {"type": "Feature", "geometry": {"type": "Point", "coordinates": [18.127347, 59.687883]}, "properties": {"sighting_id": 1132, "icao": "4aca53", "time": 1791033216.14, "alt_ft": 5075}}, {"type": "Feature", "geometry": {"type": "Point", "coordinates": [17.860076, 59.296472]}, "properties": {"sighting_id": 1132, "icao": "4aacaf", "time": 1791033217.26, "alt_ft": 700}}, {"type": "Feature", "geometry": {"type": "Point", "coordinates": [17.999015, 59.758316]}, "properties": {"sighting_id": 1132, "icao": "4ac9ef", "time": 1791033218.14, "alt_ft": 2025}}, {"type": "Feature", "geometry": {"type": "Point", "coordinates": [17.859283, 59.296555]}, "properties": {"sighting_id": 1132, "icao": "4aacaf", "time": 1791033218.37, "alt_ft": 725}}, {"type": "Feature", "geometry": {"type": "Point", "coordinates": [18.051674, 59.492875]}, "properties": {"sighting_id": 1132, "icao": "4ab56f", "time": 1791033218.89, "alt_ft": 5125}}, {"type": "Feature", "geometry": {"type": "Point", "coordinates": [18.127441, 59.691514]}, "properties": {"sighting_id": 1132, "icao": "4aca53", "time": 1791033219.21, "alt_ft": 5000}}, {"type": "Feature", "geometry": {"type": "Point", "coordinates": [18.325836, 59.401657]}, "properties": {"sighting_id": 1132, "icao": "4a9755", "time": 1791033219.74, "alt_ft": 875}}, {"type": "Feature", "geometry": {"type": "Point", "coordinates": [19.195129, 59.03421]}, "properties": {"sighting_id": 1132, "icao": "4aca4f", "time": 1791033219.98, "alt_ft": 23975}}, {"type": "Feature", "geometry": {"type": "Point", "coordinates": [18.181641, 59.215439]}, "properties": {"sighting_id": 1132, "icao": "4aad15", "time": 1791033221.53, "alt_ft": 775}}, {"type": "Feature", "geometry": {"type": "Point", "coordinates": [17.997784, 59.755244]}, "properties": {"sighting_id": 1132, "icao": "4ac9ef", "time": 1791033221.57, "alt_ft": 1950}}, {"type": "Feature", "geometry": {"type": "Point", "coordinates": [18.05246, 59.490097]}, "properties": {"sighting_id": 1132, "icao": "4ab56f", "time": 1791033221.89, "alt_ft": 5200}}, {"type": "Feature", "geometry": {"type": "Point", "coordinates": [18.127533, 59.695038]}, "properties": {"sighting_id": 1132, "icao": "4aca53", "time": 1791033222.2, "alt_ft": 4925}}, {"type": "Feature", "geometry": {"type": "Point", "coordinates": [18.180952, 59.215191]}, "properties": {"sighting_id": 1132, "icao": "4aad15", "time": 1791033222.63, "alt_ft": 750}}, {"type": "Feature", "geometry": {"type": "Point", "coordinates": [17.38236, 59.201971]}, "properties": {"sighting_id": 1132, "icao": "4caff8", "time": 1791033223.35, "alt_ft": 14875}}, {"type": "Feature", "geometry": {"type": "Point", "coordinates": [18.73938, 59.160187]}, "properties": {"sighting_id": 1132, "icao": "4aca8a", "time": 1791033223.42, "alt_ft": 16550}}, {"type": "Feature", "geometry": {"type": "Point", "coordinates": [18.180289, 59.215005]}, "properties": {"sighting_id": 1132, "icao": "4aad15", "time": 1791033223.66, "alt_ft": 750}}, {"type": "Feature", "geometry": {"type": "Point", "coordinates": [18.127625, 59.698654]}, "properties": {"sighting_id": 1132, "icao": "4aca53", "time": 1791033225.25, "alt_ft": 4850}}, {"type": "Feature", "geometry": {"type": "Point", "coordinates": [18.053284, 59.486824]}, "properties": {"sighting_id": 1132, "icao": "4ab56f", "time": 1791033225.3, "alt_ft": 5275}}, {"type": "Feature", "geometry": {"type": "Point", "coordinates": [17.996553, 59.751939]}, "properties": {"sighting_id": 1132, "icao": "4ac9ef", "time": 1791033225.6, "alt_ft": 1875}}, {"type": "Feature", "geometry": {"type": "Point", "coordinates": [19.213762, 59.024932]}, "properties": {"sighting_id": 1132, "icao": "4aca4f", "time": 1791033226.72, "alt_ft": 24200}}, {"type": "Feature", "geometry": {"type": "Point", "coordinates": [18.322922, 59.398328]}, "properties": {"sighting_id": 1132, "icao": "4a9755", "time": 1791033227.64, "alt_ft": 850}}, {"type": "Feature", "geometry": {"type": "Point", "coordinates": [17.851552, 59.296937]}, "properties": {"sighting_id": 1132, "icao": "4aacaf", "time": 1791033228.56, "alt_ft": 750}}, {"type": "Feature", "geometry": {"type": "Point", "coordinates": [18.054108, 59.483734]}, "properties": {"sighting_id": 1132, "icao": "4ab56f", "time": 1791033228.57, "alt_ft": 5350}}, {"type": "Feature", "geometry": {"type": "Point", "coordinates": [18.127716, 59.702545]}, "properties": {"sighting_id": 1132, "icao": "4aca53", "time": 1791033228.59, "alt_ft": 4775}}, {"type": "Feature", "geometry": {"type": "Point", "coordinates": [17.995239, 59.748276]}, "properties": {"sighting_id": 1132, "icao": "4ac9ef", "time": 1791033230.19, "alt_ft": 1800}}, {"type": "Feature", "geometry": {"type": "Point", "coordinates": [18.753946, 59.150716]}, "properties": {"sighting_id": 1132, "icao": "4aca8a", "time": 1791033230.33, "alt_ft": 16750}}, {"type": "Feature", "geometry": {"type": "Point", "coordinates": [18.05484, 59.480667]}, "properties": {"sighting_id": 1132, "icao": "4ab56f", "time": 1791033231.84, "alt_ft": 5425}}, {"type": "Feature", "geometry": {"type": "Point", "coordinates": [18.174591, 59.213058]}, "properties": {"sighting_id": 1132, "icao": "4aad15", "time": 1791033231.86, "alt_ft": 725}}, {"type": "Feature", "geometry": {"type": "Point", "coordinates": [18.12782, 59.706783]}, "properties": {"sighting_id": 1132, "icao": "4aca53", "time": 1791033232.23, "alt_ft": 4700}}, {"type": "Feature", "geometry": {"type": "Point", "coordinates": [17.369006, 59.188284]}, "properties": {"sighting_id": 1132, "icao": "4caff8", "time": 1791033232.75, "alt_ft": 15250}}, {"type": "Feature", "geometry": {"type": "Point", "coordinates": [18.17395, 59.21283]}, "properties": {"sighting_id": 1132, "icao": "4aad15", "time": 1791033232.82, "alt_ft": 725}}, {"type": "Feature", "geometry": {"type": "Point", "coordinates": [17.993958, 59.74498]}, "properties": {"sighting_id": 1132, "icao": "4ac9ef", "time": 1791033234.46, "alt_ft": 1725}}, {"type": "Feature", "geometry": {"type": "Point", "coordinates": [18.055664, 59.477463]}, "properties": {"sighting_id": 1132, "icao": "4ab56f", "time": 1791033235.15, "alt_ft": 5500}}, {"type": "Feature", "geometry": {"type": "Point", "coordinates": [18.127915, 59.710461]}, "properties": {"sighting_id": 1132, "icao": "4aca53", "time": 1791033235.41, "alt_ft": 4625}}, {"type": "Feature", "geometry": {"type": "Point", "coordinates": [17.846059, 59.29717]}, "properties": {"sighting_id": 1132, "icao": "4aacaf", "time": 1791033235.61, "alt_ft": 725}}, {"type": "Feature", "geometry": {"type": "Point", "coordinates": [18.170913, 59.2117]}, "properties": {"sighting_id": 1132, "icao": "4aad15", "time": 1791033237.43, "alt_ft": 700}}, {"type": "Feature", "geometry": {"type": "Point", "coordinates": [18.319039, 59.394278]}, "properties": {"sighting_id": 1132, "icao": "4a9755", "time": 1791033238.08, "alt_ft": 875}}, {"type": "Feature", "geometry": {"type": "Point", "coordinates": [19.245667, 59.009033]}, "properties": {"sighting_id": 1132, "icao": "4aca4f", "time": 1791033238.35, "alt_ft": 24575}}, {"type": "Feature", "geometry": {"type": "Point", "coordinates": [18.128082, 59.714218]}, "properties": {"sighting_id": 1132, "icao": "4aca53", "time": 1791033238.6, "alt_ft": 4550}}, {"type": "Feature", "geometry": {"type": "Point", "coordinates": [18.056504, 59.474208]}, "properties": {"sighting_id": 1132, "icao": "4ab56f", "time": 1791033238.6, "alt_ft": 5575}}, {"type": "Feature", "geometry": {"type": "Point", "coordinates": [17.843218, 59.297216]}, "properties": {"sighting_id": 1132, "icao": "4aacaf", "time": 1791033239.13, "alt_ft": 725}}, {"type": "Feature", "geometry": {"type": "Point", "coordinates": [17.99248, 59.740859]}, "properties": {"sighting_id": 1132, "icao": "4ac9ef", "time": 1791033239.64, "alt_ft": 1650}}, {"type": "Feature", "geometry": {"type": "Point", "coordinates": [17.359156, 59.178043]}, "properties": {"sighting_id": 1132, "icao": "4caff8", "time": 1791033239.79, "alt_ft": 15575}}, {"type": "Feature", "geometry": {"type": "Point", "coordinates": [18.169208, 59.210955]}, "properties": {"sighting_id": 1132, "icao": "4aad15", "time": 1791033240.0, "alt_ft": 725}}, {"type": "Feature", "geometry": {"type": "Point", "coordinates": [18.777813, 59.135168]}, "properties": {"sighting_id": 1132, "icao": "4aca8a", "time": 1791033241.76, "alt_ft": 17100}}, {"type": "Feature", "geometry": {"type": "Point", "coordinates": [18.550218, 59.565698]}, "properties": {"sighting_id": 1132, "icao": "4a8e0c", "time": 1791033241.83, "alt_ft": 1300}}, {"type": "Feature", "geometry": {"type": "Point", "coordinates": [18.057356, 59.47081]}, "properties": {"sighting_id": 1132, "icao": "4ab56f", "time": 1791033242.06, "alt_ft": 5650}}, {"type": "Feature", "geometry": {"type": "Point", "coordinates": [18.128199, 59.718468]}, "properties": {"sighting_id": 1132, "icao": "4aca53", "time": 1791033242.14, "alt_ft": 4475}}, {"type": "Feature", "geometry": {"type": "Point", "coordinates": [17.991154, 59.737135]}, "properties": {"sighting_id": 1132, "icao": "4ac9ef", "time": 1791033244.4, "alt_ft": 1575}}, {"type": "Feature", "geometry": {"type": "Point", "coordinates": [18.165802, 59.209579]}, "properties": {"sighting_id": 1132, "icao": "4aad15", "time": 1791033245.34, "alt_ft": 725}}, {"type": "Feature", "geometry": {"type": "Point", "coordinates": [18.316589, 59.391403]}, "properties": {"sighting_id": 1132, "icao": "4a9755", "time": 1791033245.34, "alt_ft": 875}}, {"type": "Feature", "geometry": {"type": "Point", "coordinates": [18.058209, 59.467598]}, "properties": {"sighting_id": 1132, "icao": "4ab56f", "time": 1791033245.51, "alt_ft": 5725}}, {"type": "Feature", "geometry": {"type": "Point", "coordinates": [18.128357, 59.722229]}, "properties": {"sighting_id": 1132, "icao": "4aca53", "time": 1791033245.54, "alt_ft": 4400}}, {"type": "Feature", "geometry": {"type": "Point", "coordinates": [17.837585, 59.297241]}, "properties": {"sighting_id": 1132, "icao": "4aacaf", "time": 1791033246.51, "alt_ft": 700}}, {"type": "Feature", "geometry": {"type": "Point", "coordinates": [18.163905, 59.209]}, "properties": {"sighting_id": 1132, "icao": "4aad15", "time": 1791033247.89, "alt_ft": 725}}, {"type": "Feature", "geometry": {"type": "Point", "coordinates": [17.347696, 59.166125]}, "properties": {"sighting_id": 1132, "icao": "4caff8", "time": 1791033247.96, "alt_ft": 15950}}, {"type": "Feature", "geometry": {"type": "Point", "coordinates": [17.990018, 59.734016]}, "properties": {"sighting_id": 1132, "icao": "4ac9ef", "time": 1791033248.48, "alt_ft": 1550}}, {"type": "Feature", "geometry": {"type": "Point", "coordinates": [18.05896, 59.4646]}, "properties": {"sighting_id": 1132, "icao": "4ab56f", "time": 1791033248.62, "alt_ft": 5800}}, {"type": "Feature", "geometry": {"type": "Point", "coordinates": [18.128578, 59.726288]}, "properties": {"sighting_id": 1132, "icao": "4aca53", "time": 1791033248.77, "alt_ft": 4325}}, {"type": "Feature", "geometry": {"type": "Point", "coordinates": [17.835388, 59.297195]}, "properties": {"sighting_id": 1132, "icao": "4aacaf", "time": 1791033249.37, "alt_ft": 700}}, {"type": "Feature", "geometry": {"type": "Point", "coordinates": [17.834504, 59.297216]}, "properties": {"sighting_id": 1132, "icao": "4aacaf", "time": 1791033250.37, "alt_ft": 700}}, {"type": "Feature", "geometry": {"type": "Point", "coordinates": [18.161774, 59.208481]}, "properties": {"sighting_id": 1132, "icao": "4aad15", "time": 1791033250.83, "alt_ft": 700}}, {"type": "Feature", "geometry": {"type": "Point", "coordinates": [17.98926, 59.732014]}, "properties": {"sighting_id": 1132, "icao": "4ac9ef", "time": 1791033251.26, "alt_ft": 1500}}, {"type": "Feature", "geometry": {"type": "Point", "coordinates": [18.54596, 59.561739]}, "properties": {"sighting_id": 1132, "icao": "4a8e0c", "time": 1791033251.36, "alt_ft": 1300}}, {"type": "Feature", "geometry": {"type": "Point", "coordinates": [17.690638, 58.84629]}, "properties": {"sighting_id": 1132, "icao": "7805dc", "time": 1791033251.6, "alt_ft": 34000}}, {"type": "Feature", "geometry": {"type": "Point", "coordinates": [18.059692, 59.461761]}, "properties": {"sighting_id": 1132, "icao": "4ab56f", "time": 1791033251.67, "alt_ft": 5875}}, {"type": "Feature", "geometry": {"type": "Point", "coordinates": [18.128673, 59.730525]}, "properties": {"sighting_id": 1132, "icao": "4aca53", "time": 1791033252.37, "alt_ft": 4250}}, {"type": "Feature", "geometry": {"type": "Point", "coordinates": [18.803009, 59.118713]}, "properties": {"sighting_id": 1132, "icao": "4aca8a", "time": 1791033253.84, "alt_ft": 17450}}, {"type": "Feature", "geometry": {"type": "Point", "coordinates": [18.159074, 59.207976]}, "properties": {"sighting_id": 1132, "icao": "4aad15", "time": 1791033254.31, "alt_ft": 700}}, {"type": "Feature", "geometry": {"type": "Point", "coordinates": [18.536328, 59.561983]}, "properties": {"sighting_id": 1132, "icao": "4a8e0c", "time": 1791033254.79, "alt_ft": 1300}}, {"type": "Feature", "geometry": {"type": "Point", "coordinates": [18.060516, 59.458603]}, "properties": {"sighting_id": 1132, "icao": "4ab56f", "time": 1791033254.95, "alt_ft": 5950}}, {"type": "Feature", "geometry": {"type": "Point", "coordinates": [18.128862, 59.734063]}, "properties": {"sighting_id": 1132, "icao": "4aca53", "time": 1791033255.32, "alt_ft": 4175}}, {"type": "Feature", "geometry": {"type": "Point", "coordinates": [17.988098, 59.728821]}, "properties": {"sighting_id": 1132, "icao": "4ac9ef", "time": 1791033255.67, "alt_ft": 1425}}, {"type": "Feature", "geometry": {"type": "Point", "coordinates": [17.336334, 59.15419]}, "properties": {"sighting_id": 1132, "icao": "4caff8", "time": 1791033256.13, "alt_ft": 16325}}, {"type": "Feature", "geometry": {"type": "Point", "coordinates": [18.128957, 59.73653]}, "properties": {"sighting_id": 1132, "icao": "4aca53", "time": 1791033257.44, "alt_ft": 4150}}, {"type": "Feature", "geometry": {"type": "Point", "coordinates": [18.156328, 59.20765]}, "properties": {"sighting_id": 1132, "icao": "4aad15", "time": 1791033257.77, "alt_ft": 700}}, {"type": "Feature", "geometry": {"type": "Point", "coordinates": [18.061249, 59.455536]}, "properties": {"sighting_id": 1132, "icao": "4ab56f", "time": 1791033258.13, "alt_ft": 6025}}, {"type": "Feature", "geometry": {"type": "Point", "coordinates": [17.828064, 59.297012]}, "properties": {"sighting_id": 1132, "icao": "4aacaf", "time": 1791033258.46, "alt_ft": 700}}, {"type": "Feature", "geometry": {"type": "Point", "coordinates": [18.312315, 59.385945]}, "properties": {"sighting_id": 1132, "icao": "4a9755", "time": 1791033259.15, "alt_ft": 875}}, {"type": "Feature", "geometry": {"type": "Point", "coordinates": [17.986816, 59.725433]}, "properties": {"sighting_id": 1132, "icao": "4ac9ef", "time": 1791033260.46, "alt_ft": 1350}}, {"type": "Feature", "geometry": {"type": "Point", "coordinates": [18.062186, 59.451863]}, "properties": {"sighting_id": 1132, "icao": "4ab56f", "time": 1791033262.01, "alt_ft": 6100}}, {"type": "Feature", "geometry": {"type": "Point", "coordinates": [18.129181, 59.741959]}, "properties": {"sighting_id": 1132, "icao": "4aca53", "time": 1791033262.06, "alt_ft": 4075}}, {"type": "Feature", "geometry": {"type": "Point", "coordinates": [18.528246, 59.558617]}, "properties": {"sighting_id": 1132, "icao": "4a8e0c", "time": 1791033264.36, "alt_ft": 1400}}, {"type": "Feature", "geometry": {"type": "Point", "coordinates": [17.324398, 59.141732]}, "properties": {"sighting_id": 1132, "icao": "4caff8", "time": 1791033264.69, "alt_ft": 16700}}, {"type": "Feature", "geometry": {"type": "Point", "coordinates": [17.82295, 59.296797]}, "properties": {"sighting_id": 1132, "icao": "4aacaf", "time": 1791033264.94, "alt_ft": 725}}, {"type": "Feature", "geometry": {"type": "Point", "coordinates": [18.06308, 59.448578]}, "properties": {"sighting_id": 1132, "icao": "4ab56f", "time": 1791033265.47, "alt_ft": 6175}}, {"type": "Feature", "geometry": {"type": "Point", "coordinates": [18.309947, 59.383385]}, "properties": {"sighting_id": 1132, "icao": "4a9755", "time": 1791033265.67, "alt_ft": 900}}, {"type": "Feature", "geometry": {"type": "Point", "coordinates": [18.829559, 59.101456]}, "properties": {"sighting_id": 1132, "icao": "4aca8a", "time": 1791033266.3, "alt_ft": 17800}}, {"type": "Feature", "geometry": {"type": "Point", "coordinates": [17.98526, 59.721039]}, "properties": {"sighting_id": 1132, "icao": "4ac9ef", "time": 1791033266.64, "alt_ft": 1275}}, {"type": "Feature", "geometry": {"type": "Point", "coordinates": [18.148773, 59.206787]}, "properties": {"sighting_id": 1132, "icao": "4aad15", "time": 1791033267.46, "alt_ft": 700}}, {"type": "Feature", "geometry": {"type": "Point", "coordinates": [17.984809, 59.719957]}, "properties": {"sighting_id": 1132, "icao": "4ac9ef", "time": 1791033268.1, "alt_ft": 1275}}, {"type": "Feature", "geometry": {"type": "Point", "coordinates": [18.129525, 59.749983]}, "properties": {"sighting_id": 1132, "icao": "4aca53", "time": 1791033269.04, "alt_ft": 4000}}, {"type": "Feature", "geometry": {"type": "Point", "coordinates": [18.063986, 59.444834]}, "properties": {"sighting_id": 1132, "icao": "4ab56f", "time": 1791033269.27, "alt_ft": 6250}}, {"type": "Feature", "geometry": {"type": "Point", "coordinates": [17.818634, 59.296555]}, "properties": {"sighting_id": 1132, "icao": "4aacaf", "time": 1791033270.48, "alt_ft": 700}}, {"type": "Feature", "geometry": {"type": "Point", "coordinates": [17.983956, 59.717816]}, "properties": {"sighting_id": 1132, "icao": "4ac9ef", "time": 1791033271.27, "alt_ft": 1200}}, {"type": "Feature", "geometry": {"type": "Point", "coordinates": [18.064728, 59.44194]}, "properties": {"sighting_id": 1132, "icao": "4ab56f", "time": 1791033272.31, "alt_ft": 6325}}, {"type": "Feature", "geometry": {"type": "Point", "coordinates": [18.527325, 59.553847]}, "properties": {"sighting_id": 1132, "icao": "4a8e0c", "time": 1791033272.64, "alt_ft": 1400}}, {"type": "Feature", "geometry": {"type": "Point", "coordinates": [17.81632, 59.296332]}, "properties": {"sighting_id": 1132, "icao": "4aacaf", "time": 1791033273.32, "alt_ft": 725}}, {"type": "Feature", "geometry": {"type": "Point", "coordinates": [17.311138, 59.127906]}, "properties": {"sighting_id": 1132, "icao": "4caff8", "time": 1791033274.21, "alt_ft": 17075}}, {"type": "Feature", "geometry": {"type": "Point", "coordinates": [18.306632, 59.380079]}, "properties": {"sighting_id": 1132, "icao": "4a9755", "time": 1791033274.52, "alt_ft": 900}}, {"type": "Feature", "geometry": {"type": "Point", "coordinates": [18.129999, 59.75799]}, "properties": {"sighting_id": 1132, "icao": "4aca53", "time": 1791033276.01, "alt_ft": 3925}}, {"type": "Feature", "geometry": {"type": "Point", "coordinates": [18.065643, 59.43837]}, "properties": {"sighting_id": 1132, "icao": "4ab56f", "time": 1791033276.06, "alt_ft": 6400}}, {"type": "Feature", "geometry": {"type": "Point", "coordinates": [17.982697, 59.714447]}, "properties": {"sighting_id": 1132, "icao": "4ac9ef", "time": 1791033276.27, "alt_ft": 1125}}, {"type": "Feature", "geometry": {"type": "Point", "coordinates": [18.854717, 59.085031]}, "properties": {"sighting_id": 1132, "icao": "4aca8a", "time": 1791033278.17, "alt_ft": 18150}}, {"type": "Feature", "geometry": {"type": "Point", "coordinates": [18.140133, 59.205927]}, "properties": {"sighting_id": 1132, "icao": "4aad15", "time": 1791033278.73, "alt_ft": 675}}, {"type": "Feature", "geometry": {"type": "Point", "coordinates": [18.066467, 59.435303]}, "properties": {"sighting_id": 1132, "icao": "4ab56f", "time": 1791033279.25, "alt_ft": 6475}}, {"type": "Feature", "geometry": {"type": "Point", "coordinates": [17.981683, 59.711531]}, "properties": {"sighting_id": 1132, "icao": "4ac9ef", "time": 1791033280.64, "alt_ft": 1100}}, {"type": "Feature", "geometry": {"type": "Point", "coordinates": [18.538737, 59.549653]}, "properties": {"sighting_id": 1132, "icao": "4a8e0c", "time": 1791033280.73, "alt_ft": 1300}}, {"type": "Feature", "geometry": {"type": "Point", "coordinates": [17.29911, 59.114964]}, "properties": {"sighting_id": 1132, "icao": "4caff8", "time": 1791033282.97, "alt_ft": 17425}}, {"type": "Feature", "geometry": {"type": "Point", "coordinates": [18.303033, 59.376821]}, "properties": {"sighting_id": 1132, "icao": "4a9755", "time": 1791033283.19, "alt_ft": 900}}, {"type": "Feature", "geometry": {"type": "Point", "coordinates": [17.981115, 59.709855]}, "properties": {"sighting_id": 1132, "icao": "4ac9ef", "time": 1791033283.3, "alt_ft": 1075}}, {"type": "Feature", "geometry": {"type": "Point", "coordinates": [18.06749, 59.431333]}, "properties": {"sighting_id": 1132, "icao": "4ab56f", "time": 1791033283.38, "alt_ft": 6550}}, {"type": "Feature", "geometry": {"type": "Point", "coordinates": [18.130463, 59.766495]}, "properties": {"sighting_id": 1132, "icao": "4aca53", "time": 1791033283.61, "alt_ft": 3850}}, {"type": "Feature", "geometry": {"type": "Point", "coordinates": [18.660187, 59.418182]}, "properties": {"sighting_id": 1132, "icao": "4aaa4a", "time": 1791033285.05, "alt_ft": 25}}, {"type": "Feature", "geometry": {"type": "Point", "coordinates": [17.980682, 59.708588]}, "properties": {"sighting_id": 1132, "icao": "4ac9ef", "time": 1791033285.43, "alt_ft": 1025}}, {"type": "Feature", "geometry": {"type": "Point", "coordinates": [18.522853, 59.54959]}, "properties": {"sighting_id": 1132, "icao": "4a8e0c", "time": 1791033286.88, "alt_ft": 1300}}, {"type": "Feature", "geometry": {"type": "Point", "coordinates": [17.805997, 59.295401]}, "properties": {"sighting_id": 1132, "icao": "4aacaf", "time": 1791033287.01, "alt_ft": 750}}, {"type": "Feature", "geometry": {"type": "Point", "coordinates": [18.658722, 59.417725]}, "properties": {"sighting_id": 1132, "icao": "4aaa4a", "time": 1791033287.1, "alt_ft": 25}}, {"type": "Feature", "geometry": {"type": "Point", "coordinates": [18.068437, 59.427423]}, "properties": {"sighting_id": 1132, "icao": "4ab56f", "time": 1791033287.39, "alt_ft": 6625}}, {"type": "Feature", "geometry": {"type": "Point", "coordinates": [18.130829, 59.772583]}, "properties": {"sighting_id": 1132, "icao": "4aca53", "time": 1791033288.85, "alt_ft": 3775}}, {"type": "Feature", "geometry": {"type": "Point", "coordinates": [18.300665, 59.374819]}, "properties": {"sighting_id": 1132, "icao": "4a9755", "time": 1791033288.93, "alt_ft": 900}}, {"type": "Feature", "geometry": {"type": "Point", "coordinates": [17.291748, 59.105621]}, "properties": {"sighting_id": 1132, "icao": "4caff8", "time": 1791033289.15, "alt_ft": 17675}}, {"type": "Feature", "geometry": {"type": "Point", "coordinates": [17.979789, 59.706131]}, "properties": {"sighting_id": 1132, "icao": "4ac9ef", "time": 1791033289.5, "alt_ft": 975}}, {"type": "Feature", "geometry": {"type": "Point", "coordinates": [18.880646, 59.06813]}, "properties": {"sighting_id": 1132, "icao": "4aca8a", "time": 1791033290.18, "alt_ft": 18500}}, {"type": "Feature", "geometry": {"type": "Point", "coordinates": [18.13104, 59.205043]}, "properties": {"sighting_id": 1132, "icao": "4aad15", "time": 1791033290.54, "alt_ft": 675}}, {"type": "Feature", "geometry": {"type": "Point", "coordinates": [18.069489, 59.423538]}, "properties": {"sighting_id": 1132, "icao": "4ab56f", "time": 1791033291.36, "alt_ft": 6700}}, {"type": "Feature", "geometry": {"type": "Point", "coordinates": [18.519137, 59.547597]}, "properties": {"sighting_id": 1132, "icao": "4a8e0c", "time": 1791033291.56, "alt_ft": 1400}}, {"type": "Feature", "geometry": {"type": "Point", "coordinates": [18.130554, 59.777802]}, "properties": {"sighting_id": 1132, "icao": "4aca53", "time": 1791033293.68, "alt_ft": 3725}}, {"type": "Feature", "geometry": {"type": "Point", "coordinates": [18.127808, 59.20459]}, "properties": {"sighting_id": 1132, "icao": "4aad15", "time": 1791033294.66, "alt_ft": 675}}, {"type": "Feature", "geometry": {"type": "Point", "coordinates": [17.978652, 59.703012]}, "properties": {"sighting_id": 1132, "icao": "4ac9ef", "time": 1791033294.75, "alt_ft": 900}}, {"type": "Feature", "geometry": {"type": "Point", "coordinates": [18.070404, 59.41983]}, "properties": {"sighting_id": 1132, "icao": "4ab56f", "time": 1791033295.14, "alt_ft": 6775}}, {"type": "Feature", "geometry": {"type": "Point", "coordinates": [17.285377, 59.096204]}, "properties": {"sighting_id": 1132, "icao": "4caff8", "time": 1791033295.23, "alt_ft": 17900}}, {"type": "Feature", "geometry": {"type": "Point", "coordinates": [18.129913, 59.780502]}, "properties": {"sighting_id": 1132, "icao": "4aca53", "time": 1791033296.14, "alt_ft": 3675}}, {"type": "Feature", "geometry": {"type": "Point", "coordinates": [18.126684, 59.204345]}, "properties": {"sighting_id": 1132, "icao": "4aad15", "time": 1791033296.15, "alt_ft": 675}}, {"type": "Feature", "geometry": {"type": "Point", "coordinates": [18.129336, 59.781872]}, "properties": {"sighting_id": 1132, "icao": "4aca53", "time": 1791033297.47, "alt_ft": 3650}}, {"type": "Feature", "geometry": {"type": "Point", "coordinates": [18.125263, 59.204019]}, "properties": {"sighting_id": 1132, "icao": "4aad15", "time": 1791033298.14, "alt_ft": 675}}, {"type": "Feature", "geometry": {"type": "Point", "coordinates": [18.898284, 59.056634]}, "properties": {"sighting_id": 1132, "icao": "4aca8a", "time": 1791033298.35, "alt_ft": 18750}}, {"type": "Feature", "geometry": {"type": "Point", "coordinates": [17.797119, 59.294449]}, "properties": {"sighting_id": 1132, "icao": "4aacaf", "time": 1791033298.53, "alt_ft": 750}}, {"type": "Feature", "geometry": {"type": "Point", "coordinates": [18.296173, 59.371216]}, "properties": {"sighting_id": 1132, "icao": "4a9755", "time": 1791033298.62, "alt_ft": 900}}, {"type": "Feature", "geometry": {"type": "Point", "coordinates": [18.071228, 59.416443]}, "properties": {"sighting_id": 1132, "icao": "4ab56f", "time": 1791033298.63, "alt_ft": 6850}}, {"type": "Feature", "geometry": {"type": "Point", "coordinates": [18.128673, 59.783455]}, "properties": {"sighting_id": 1132, "icao": "4aca53", "time": 1791033298.92, "alt_ft": 3625}}, {"type": "Feature", "geometry": {"type": "Point", "coordinates": [18.52206, 59.54409]}, "properties": {"sighting_id": 1132, "icao": "4a8e0c", "time": 1791033299.61, "alt_ft": 1400}}, {"type": "Feature", "geometry": {"type": "Point", "coordinates": [17.977611, 59.700219]}, "properties": {"sighting_id": 1132, "icao": "4ac9ef", "time": 1791033299.73, "alt_ft": 850}}, {"type": "Feature", "geometry": {"type": "Point", "coordinates": [18.649481, 59.415087]}, "properties": {"sighting_id": 1132, "icao": "4aaa4a", "time": 1791033300.87, "alt_ft": 75}}, {"type": "Feature", "geometry": {"type": "Point", "coordinates": [18.295258, 59.370255]}, "properties": {"sighting_id": 1132, "icao": "4a9755", "time": 1791033300.89, "alt_ft": 925}}, {"type": "Feature", "geometry": {"type": "Point", "coordinates": [18.127536, 59.785549]}, "properties": {"sighting_id": 1132, "icao": "4aca53", "time": 1791033300.96, "alt_ft": 3550}}, {"type": "Feature", "geometry": {"type": "Point", "coordinates": [18.122895, 59.203367]}, "properties": {"sighting_id": 1132, "icao": "4aad15", "time": 1791033301.36, "alt_ft": 700}}, {"type": "Feature", "geometry": {"type": "Point", "coordinates": [18.072052, 59.413376]}, "properties": {"sighting_id": 1132, "icao": "4ab56f", "time": 1791033301.75, "alt_ft": 6925}}, {"type": "Feature", "geometry": {"type": "Point", "coordinates": [17.279316, 59.08559]}, "properties": {"sighting_id": 1132, "icao": "4caff8", "time": 1791033301.93, "alt_ft": 18125}}, {"type": "Feature", "geometry": {"type": "Point", "coordinates": [17.793915, 59.294083]}, "properties": {"sighting_id": 1132, "icao": "4aacaf", "time": 1791033302.73, "alt_ft": 750}}, {"type": "Feature", "geometry": {"type": "Point", "coordinates": [18.294525, 59.369247]}, "properties": {"sighting_id": 1132, "icao": "4a9755", "time": 1791033303.38, "alt_ft": 925}}, {"type": "Feature", "geometry": {"type": "Point", "coordinates": [18.125885, 59.787964]}, "properties": {"sighting_id": 1132, "icao": "4aca53", "time": 1791033303.39, "alt_ft": 3475}}, {"type": "Feature", "geometry": {"type": "Point", "coordinates": [18.120941, 59.202896]}, "properties": {"sighting_id": 1132, "icao": "4aad15", "time": 1791033304.0, "alt_ft": 700}}, {"type": "Feature", "geometry": {"type": "Point", "coordinates": [18.072784, 59.410446]}, "properties": {"sighting_id": 1132, "icao": "4ab56f", "time": 1791033304.73, "alt_ft": 7000}}, {"type": "Feature", "geometry": {"type": "Point", "coordinates": [18.123274, 59.79067]}, "properties": {"sighting_id": 1132, "icao": "4aca53", "time": 1791033306.07, "alt_ft": 3400}}, {"type": "Feature", "geometry": {"type": "Point", "coordinates": [17.976288, 59.696594]}, "properties": {"sighting_id": 1132, "icao": "4ac9ef", "time": 1791033306.5, "alt_ft": 775}}, {"type": "Feature", "geometry": {"type": "Point", "coordinates": [18.118255, 59.202436]}, "properties": {"sighting_id": 1132, "icao": "4aad15", "time": 1791033307.5, "alt_ft": 725}}, {"type": "Feature", "geometry": {"type": "Point", "coordinates": [18.120392, 59.792999]}, "properties": {"sighting_id": 1132, "icao": "4aca53", "time": 1791033308.53, "alt_ft": 3325}}, {"type": "Feature", "geometry": {"type": "Point", "coordinates": [18.534152, 59.53603]}, "properties": {"sighting_id": 1132, "icao": "4a8e0c", "time": 1791033308.81, "alt_ft": 1300}}, {"type": "Feature", "geometry": {"type": "Point", "coordinates": [18.921936, 59.04126]}, "properties": {"sighting_id": 1132, "icao": "4aca8a", "time": 1791033309.41, "alt_ft": 19125}}, {"type": "Feature", "geometry": {"type": "Point", "coordinates": [18.117497, 59.794999]}, "properties": {"sighting_id": 1132, "icao": "4aca53", "time": 1791033311.03, "alt_ft": 3275}}, {"type": "Feature", "geometry": {"type": "Point", "coordinates": [18.115697, 59.201924]}, "properties": {"sighting_id": 1132, "icao": "4aad15", "time": 1791033311.08, "alt_ft": 775}}, {"type": "Feature", "geometry": {"type": "Point", "coordinates": [17.975189, 59.693619]}, "properties": {"sighting_id": 1132, "icao": "4ac9ef", "time": 1791033311.92, "alt_ft": 725}}, {"type": "Feature", "geometry": {"type": "Point", "coordinates": [17.270508, 59.068785]}, "properties": {"sighting_id": 1132, "icao": "4caff8", "time": 1791033312.44, "alt_ft": 18500}}, {"type": "Feature", "geometry": {"type": "Point", "coordinates": [18.114532, 59.201706]}, "properties": {"sighting_id": 1132, "icao": "4aad15", "time": 1791033312.66, "alt_ft": 750}}, {"type": "Feature", "geometry": {"type": "Point", "coordinates": [18.074799, 59.402664]}, "properties": {"sighting_id": 1132, "icao": "4ab56f", "time": 1791033312.72, "alt_ft": 7175}}, {"type": "Feature", "geometry": {"type": "Point", "coordinates": [18.114561, 59.796629]}, "properties": {"sighting_id": 1132, "icao": "4aca53", "time": 1791033313.1, "alt_ft": 3225}}, {"type": "Feature", "geometry": {"type": "Point", "coordinates": [18.930959, 59.03536]}, "properties": {"sighting_id": 1132, "icao": "4aca8a", "time": 1791033313.64, "alt_ft": 19250}}, {"type": "Feature", "geometry": {"type": "Point", "coordinates": [18.640045, 59.412277]}, "properties": {"sighting_id": 1132, "icao": "4aaa4a", "time": 1791033314.8, "alt_ft": 50}}, {"type": "Feature", "geometry": {"type": "Point", "coordinates": [18.112976, 59.201385]}, "properties": {"sighting_id": 1132, "icao": "4aad15", "time": 1791033314.83, "alt_ft": 750}}, {"type": "Feature", "geometry": {"type": "Point", "coordinates": [18.111814, 59.797979]}, "properties": {"sighting_id": 1132, "icao": "4aca53", "time": 1791033314.94, "alt_ft": 3200}}, {"type": "Feature", "geometry": {"type": "Point", "coordinates": [18.508869, 59.539411]}, "properties": {"sighting_id": 1132, "icao": "4a8e0c", "time": 1791033315.01, "alt_ft": 1300}}, {"type": "Feature", "geometry": {"type": "Point", "coordinates": [17.784576, 59.292938]}, "properties": {"sighting_id": 1132, "icao": "4aacaf", "time": 1791033315.04, "alt_ft": 800}}, {"type": "Feature", "geometry": {"type": "Point", "coordinates": [18.10849, 59.799362]}, "properties": {"sighting_id": 1132, "icao": "4aca53", "time": 1791033317.03, "alt_ft": 3175}}, {"type": "Feature", "geometry": {"type": "Point", "coordinates": [17.974106, 59.690676]}, "properties": {"sighting_id": 1132, "icao": "4ac9ef", "time": 1791033317.3, "alt_ft": 650}}, {"type": "Feature", "geometry": {"type": "Point", "coordinates": [18.110867, 59.201086]}, "properties": {"sighting_id": 1132, "icao": "4aad15", "time": 1791033317.49, "alt_ft": 725}}, {"type": "Feature", "geometry": {"type": "Point", "coordinates": [18.290532, 59.363088]}, "properties": {"sighting_id": 1132, "icao": "4a9755", "time": 1791033318.31, "alt_ft": 925}}, {"type": "Feature", "geometry": {"type": "Point", "coordinates": [17.78194, 59.292561]}, "properties": {"sighting_id": 1132, "icao": "4aacaf", "time": 1791033318.54, "alt_ft": 800}}, {"type": "Feature", "geometry": {"type": "Point", "coordinates": [18.637359, 59.411409]}, "properties": {"sighting_id": 1132, "icao": "4aaa4a", "time": 1791033318.94, "alt_ft": 50}}, {"type": "Feature", "geometry": {"type": "Point", "coordinates": [18.104143, 59.800865]}, "properties": {"sighting_id": 1132, "icao": "4aca53", "time": 1791033319.72, "alt_ft": 3150}}, {"type": "Feature", "geometry": {"type": "Point", "coordinates": [18.502722, 59.538899]}, "properties": {"sighting_id": 1132, "icao": "4a8e0c", "time": 1791033319.9, "alt_ft": 1300}}, {"type": "Feature", "geometry": {"type": "Point", "coordinates": [18.108973, 59.2009]}, "properties": {"sighting_id": 1132, "icao": "4aad15", "time": 1791033319.96, "alt_ft": 725}}, {"type": "Feature", "geometry": {"type": "Point", "coordinates": [18.945544, 59.025817]}, "properties": {"sighting_id": 1132, "icao": "4aca8a", "time": 1791033320.41, "alt_ft": 19450}}, {"type": "Feature", "geometry": {"type": "Point", "coordinates": [17.780046, 59.292328]}, "properties": {"sighting_id": 1132, "icao": "4aacaf", "time": 1791033321.0, "alt_ft": 775}}, {"type": "Feature", "geometry": {"type": "Point", "coordinates": [18.076904, 59.394562]}, "properties": {"sighting_id": 1132, "icao": "4ab56f", "time": 1791033321.01, "alt_ft": 7350}}, {"type": "Feature", "geometry": {"type": "Point", "coordinates": [18.099028, 59.802262]}, "properties": {"sighting_id": 1132, "icao": "4aca53", "time": 1791033322.53, "alt_ft": 3125}}, {"type": "Feature", "geometry": {"type": "Point", "coordinates": [18.720337, 59.845688]}, "properties": {"sighting_id": 1132, "icao": "4ab565", "time": 1791033323.53, "alt_ft": 9250}}, {"type": "Feature", "geometry": {"type": "Point", "coordinates": [17.261037, 59.050862]}, "properties": {"sighting_id": 1132, "icao": "4caff8", "time": 1791033323.53, "alt_ft": 18875}}, {"type": "Feature", "geometry": {"type": "Point", "coordinates": [17.916412, 59.644913]}, "properties": {"sighting_id": 1132, "icao": "4cafcf", "time": 1791033324.02, "alt_ft": 25}}, {"type": "Feature", "geometry": {"type": "Point", "coordinates": [17.77711, 59.292003]}, "properties": {"sighting_id": 1132, "icao": "4aacaf", "time": 1791033324.53, "alt_ft": 750}}, {"type": "Feature", "geometry": {"type": "Point", "coordinates": [18.633475, 59.410106]}, "properties": {"sighting_id": 1132, "icao": "4aaa4a", "time": 1791033325.0, "alt_ft": 25}}, {"type": "Feature", "geometry": {"type": "Point", "coordinates": [18.094577, 59.803239]}, "properties": {"sighting_id": 1132, "icao": "4aca53", "time": 1791033325.1, "alt_ft": 3125}}, {"type": "Feature", "geometry": {"type": "Point", "coordinates": [17.916049, 59.643705]}, "properties": {"sighting_id": 1132, "icao": "4cafcf", "time": 1791033325.51, "alt_ft": 125}}, {"type": "Feature", "geometry": {"type": "Point", "coordinates": [18.508898, 59.533715]}, "properties": {"sighting_id": 1132, "icao": "4a8e0c", "time": 1791033326.07, "alt_ft": 1300}}, {"type": "Feature", "geometry": {"type": "Point", "coordinates": [17.97226, 59.685654]}, "properties": {"sighting_id": 1132, "icao": "4ac9ef", "time": 1791033326.58, "alt_ft": 575}}, {"type": "Feature", "geometry": {"type": "Point", "coordinates": [17.775121, 59.291909]}, "properties": {"sighting_id": 1132, "icao": "4aacaf", "time": 1791033326.9, "alt_ft": 750}}, {"type": "Feature", "geometry": {"type": "Point", "coordinates": [17.91567, 59.642541]}, "properties": {"sighting_id": 1132, "icao": "4cafcf", "time": 1791033327.24, "alt_ft": 225}}, {"type": "Feature", "geometry": {"type": "Point", "coordinates": [18.089273, 59.804077]}, "properties": {"sighting_id": 1132, "icao": "4aca53", "time": 1791033327.91, "alt_ft": 3100}}, {"type": "Feature", "geometry": {"type": "Point", "coordinates": [18.102722, 59.20062]}, "properties": {"sighting_id": 1132, "icao": "4aad15", "time": 1791033327.96, "alt_ft": 725}}, {"type": "Feature", "geometry": {"type": "Point", "coordinates": [17.915405, 59.641479]}, "properties": {"sighting_id": 1132, "icao": "4cafcf", "time": 1791033328.53, "alt_ft": 300}}, {"type": "Feature", "geometry": {"type": "Point", "coordinates": [17.773499, 59.291885]}, "properties": {"sighting_id": 1132, "icao": "4aacaf", "time": 1791033328.94, "alt_ft": 750}}, {"type": "Feature", "geometry": {"type": "Point", "coordinates": [18.630615, 59.40921]}, "properties": {"sighting_id": 1132, "icao": "4aaa4a", "time": 1791033329.15, "alt_ft": 25}}, {"type": "Feature", "geometry": {"type": "Point", "coordinates": [17.915197, 59.641051]}, "properties": {"sighting_id": 1132, "icao": "4cafcf", "time": 1791033329.22, "alt_ft": 325}}, {"type": "Feature", "geometry": {"type": "Point", "coordinates": [18.078918, 59.386551]}, "properties": {"sighting_id": 1132, "icao": "4ab56f", "time": 1791033329.26, "alt_ft": 7525}}, {"type": "Feature", "geometry": {"type": "Point", "coordinates": [17.914913, 59.639981]}, "properties": {"sighting_id": 1132, "icao": "4cafcf", "time": 1791033330.56, "alt_ft": 425}}, {"type": "Feature", "geometry": {"type": "Point", "coordinates": [18.083875, 59.804636]}, "properties": {"sighting_id": 1132, "icao": "4aca53", "time": 1791033330.89, "alt_ft": 3075}}, {"type": "Feature", "geometry": {"type": "Point", "coordinates": [18.703308, 59.845276]}, "properties": {"sighting_id": 1132, "icao": "4ab565", "time": 1791033331.15, "alt_ft": 9075}}, {"type": "Feature", "geometry": {"type": "Point", "coordinates": [17.914581, 59.639191]}, "properties": {"sighting_id": 1132, "icao": "4cafcf", "time": 1791033331.61, "alt_ft": 475}}, {"type": "Feature", "geometry": {"type": "Point", "coordinates": [18.099691, 59.200388]}, "properties": {"sighting_id": 1132, "icao": "4aad15", "time": 1791033331.69, "alt_ft": 725}}, {"type": "Feature", "geometry": {"type": "Point", "coordinates": [18.286743, 59.357803]}, "properties": {"sighting_id": 1132, "icao": "4a9755", "time": 1791033331.69, "alt_ft": 950}}, {"type": "Feature", "geometry": {"type": "Point", "coordinates": [18.970734, 59.009354]}, "properties": {"sighting_id": 1132, "icao": "4aca8a", "time": 1791033332.19, "alt_ft": 19825}}, {"type": "Feature", "geometry": {"type": "Point", "coordinates": [17.971069, 59.682495]}, "properties": {"sighting_id": 1132, "icao": "4ac9ef", "time": 1791033332.46, "alt_ft": 500}}, {"type": "Feature", "geometry": {"type": "Point", "coordinates": [17.914345, 59.638398]}, "properties": {"sighting_id": 1132, "icao": "4cafcf", "time": 1791033332.7, "alt_ft": 550}}, {"type": "Feature", "geometry": {"type": "Point", "coordinates": [18.079234, 59.804915]}, "properties": {"sighting_id": 1132, "icao": "4aca53", "time": 1791033333.27, "alt_ft": 3050}}, {"type": "Feature", "geometry": {"type": "Point", "coordinates": [17.913966, 59.63728]}, "properties": {"sighting_id": 1132, "icao": "4cafcf", "time": 1791033334.25, "alt_ft": 650}}, {"type": "Feature", "geometry": {"type": "Point", "coordinates": [17.768776, 59.291909]}, "properties": {"sighting_id": 1132, "icao": "4aacaf", "time": 1791033334.32, "alt_ft": 725}}, {"type": "Feature", "geometry": {"type": "Point", "coordinates": [17.251566, 59.032753]}, "properties": {"sighting_id": 1132, "icao": "4caff8", "time": 1791033334.69, "alt_ft": 19250}}, {"type": "Feature", "geometry": {"type": "Point", "coordinates": [18.496013, 59.533606]}, "properties": {"sighting_id": 1132, "icao": "4a8e0c", "time": 1791033334.92, "alt_ft": 1300}}, {"type": "Feature", "geometry": {"type": "Point", "coordinates": [18.075623, 59.805084]}, "properties": {"sighting_id": 1132, "icao": "4aca53", "time": 1791033335.33, "alt_ft": 3025}}, {"type": "Feature", "geometry": {"type": "Point", "coordinates": [17.913492, 59.63607]}, "properties": {"sighting_id": 1132, "icao": "4cafcf", "time": 1791033335.89, "alt_ft": 750}}, {"type": "Feature", "geometry": {"type": "Point", "coordinates": [18.080844, 59.379148]}, "properties": {"sighting_id": 1132, "icao": "4ab56f", "time": 1791033336.79, "alt_ft": 7700}}, {"type": "Feature", "geometry": {"type": "Point", "coordinates": [17.913025, 59.634933]}, "properties": {"sighting_id": 1132, "icao": "4cafcf", "time": 1791033337.52, "alt_ft": 825}}, {"type": "Feature", "geometry": {"type": "Point", "coordinates": [18.069855, 59.804993]}, "properties": {"sighting_id": 1132, "icao": "4aca53", "time": 1791033338.31, "alt_ft": 3000}}, {"type": "Feature", "geometry": {"type": "Point", "coordinates": [17.765366, 59.292049]}, "properties": {"sighting_id": 1132, "icao": "4aacaf", "time": 1791033338.42, "alt_ft": 750}}, {"type": "Feature", "geometry": {"type": "Point", "coordinates": [18.687176, 59.844903]}, "properties": {"sighting_id": 1132, "icao": "4ab565", "time": 1791033338.43, "alt_ft": 8900}}, {"type": "Feature", "geometry": {"type": "Point", "coordinates": [17.912734, 59.634255]}, "properties": {"sighting_id": 1132, "icao": "4cafcf", "time": 1791033338.49, "alt_ft": 900}}, {"type": "Feature", "geometry": {"type": "Point", "coordinates": [18.094482, 59.199876]}, "properties": {"sighting_id": 1132, "icao": "4aad15", "time": 1791033338.53, "alt_ft": 725}}, {"type": "Feature", "geometry": {"type": "Point", "coordinates": [18.284821, 59.355286]}, "properties": {"sighting_id": 1132, "icao": "4a9755", "time": 1791033338.56, "alt_ft": 950}}, {"type": "Feature", "geometry": {"type": "Point", "coordinates": [17.764135, 59.292096]}, "properties": {"sighting_id": 1132, "icao": "4aacaf", "time": 1791033339.78, "alt_ft": 750}}, {"type": "Feature", "geometry": {"type": "Point", "coordinates": [17.96956, 59.678479]}, "properties": {"sighting_id": 1132, "icao": "4ac9ef", "time": 1791033339.79, "alt_ft": 425}}, {"type": "Feature", "geometry": {"type": "Point", "coordinates": [17.912356, 59.63323]}, "properties": {"sighting_id": 1132, "icao": "4cafcf", "time": 1791033339.84, "alt_ft": 975}}, {"type": "Feature", "geometry": {"type": "Point", "coordinates": [18.064911, 59.804672]}, "properties": {"sighting_id": 1132, "icao": "4aca53", "time": 1791033341.02, "alt_ft": 2950}}, {"type": "Feature", "geometry": {"type": "Point", "coordinates": [17.911926, 59.632187]}, "properties": {"sighting_id": 1132, "icao": "4cafcf", "time": 1791033341.44, "alt_ft": 1050}}, {"type": "Feature", "geometry": {"type": "Point", "coordinates": [17.911503, 59.631089]}, "properties": {"sighting_id": 1132, "icao": "4cafcf", "time": 1791033342.88, "alt_ft": 1125}}, {"type": "Feature", "geometry": {"type": "Point", "coordinates": [18.495038, 59.52998]}, "properties": {"sighting_id": 1132, "icao": "4a8e0c", "time": 1791033343.22, "alt_ft": 1300}}, {"type": "Feature", "geometry": {"type": "Point", "coordinates": [18.060576, 59.804077]}, "properties": {"sighting_id": 1132, "icao": "4aca53", "time": 1791033343.44, "alt_ft": 2925}}, {"type": "Feature", "geometry": {"type": "Point", "coordinates": [17.761009, 59.292468]}, "properties": {"sighting_id": 1132, "icao": "4aacaf", "time": 1791033343.62, "alt_ft": 725}}, {"type": "Feature", "geometry": {"type": "Point", "coordinates": [18.619995, 59.406235]}, "properties": {"sighting_id": 1132, "icao": "4aaa4a", "time": 1791033344.0, "alt_ft": 25}}, {"type": "Feature", "geometry": {"type": "Point", "coordinates": [18.996782, 58.992253]}, "properties": {"sighting_id": 1132, "icao": "4aca8a", "time": 1791033344.2, "alt_ft": 20175}}, {"type": "Feature", "geometry": {"type": "Point", "coordinates": [18.082672, 59.371902]}, "properties": {"sighting_id": 1132, "icao": "4ab56f", "time": 1791033344.28, "alt_ft": 7875}}, {"type": "Feature", "geometry": {"type": "Point", "coordinates": [17.911102, 59.630127]}, "properties": {"sighting_id": 1132, "icao": "4cafcf", "time": 1791033344.28, "alt_ft": 1200}}, {"type": "Feature", "geometry": {"type": "Point", "coordinates": [18.089722, 59.199371]}, "properties": {"sighting_id": 1132, "icao": "4aad15", "time": 1791033344.92, "alt_ft": 700}}, {"type": "Feature", "geometry": {"type": "Point", "coordinates": [17.910736, 59.629028]}, "properties": {"sighting_id": 1132, "icao": "4cafcf", "time": 1791033345.64, "alt_ft": 1275}}, {"type": "Feature", "geometry": {"type": "Point", "coordinates": [17.968414, 59.675171]}, "properties": {"sighting_id": 1132, "icao": "4ac9ef", "time": 1791033345.67, "alt_ft": 350}}, {"type": "Feature", "geometry": {"type": "Point", "coordinates": [18.670696, 59.844531]}, "properties": {"sighting_id": 1132, "icao": "4ab565", "time": 1791033345.8, "alt_ft": 8725}}, {"type": "Feature", "geometry": {"type": "Point", "coordinates": [17.241943, 59.014618]}, "properties": {"sighting_id": 1132, "icao": "4caff8", "time": 1791033345.8, "alt_ft": 19625}}, {"type": "Feature", "geometry": {"type": "Point", "coordinates": [18.056788, 59.803425]}, "properties": {"sighting_id": 1132, "icao": "4aca53", "time": 1791033345.8, "alt_ft": 2900}}, {"type": "Feature", "geometry": {"type": "Point", "coordinates": [18.282008, 59.352148]}, "properties": {"sighting_id": 1132, "icao": "4a9755", "time": 1791033346.68, "alt_ft": 925}}, {"type": "Feature", "geometry": {"type": "Point", "coordinates": [17.910272, 59.627923]}, "properties": {"sighting_id": 1132, "icao": "4cafcf", "time": 1791033347.19, "alt_ft": 1350}}, {"type": "Feature", "geometry": {"type": "Point", "coordinates": [18.087799, 59.19928]}, "properties": {"sighting_id": 1132, "icao": "4aad15", "time": 1791033347.31, "alt_ft": 700}}, {"type": "Feature", "geometry": {"type": "Point", "coordinates": [18.052621, 59.802448]}, "properties": {"sighting_id": 1132, "icao": "4aca53", "time": 1791033348.19, "alt_ft": 2875}}, {"type": "Feature", "geometry": {"type": "Point", "coordinates": [17.909704, 59.626527]}, "properties": {"sighting_id": 1132, "icao": "4cafcf", "time": 1791033349.17, "alt_ft": 1425}}, {"type": "Feature", "geometry": {"type": "Point", "coordinates": [18.085968, 59.199371]}, "properties": {"sighting_id": 1132, "icao": "4aad15", "time": 1791033349.66, "alt_ft": 725}}, {"type": "Feature", "geometry": {"type": "Point", "coordinates": [18.489994, 59.528184]}, "properties": {"sighting_id": 1132, "icao": "4a8e0c", "time": 1791033349.99, "alt_ft": 1300}}, {"type": "Feature", "geometry": {"type": "Point", "coordinates": [18.048889, 59.801239]}, "properties": {"sighting_id": 1132, "icao": "4aca53", "time": 1791033350.6, "alt_ft": 2850}}, {"type": "Feature", "geometry": {"type": "Point", "coordinates": [17.909271, 59.625412]}, "properties": {"sighting_id": 1132, "icao": "4cafcf", "time": 1791033350.68, "alt_ft": 1500}}, {"type": "Feature", "geometry": {"type": "Point", "coordinates": [17.754948, 59.293306]}, "properties": {"sighting_id": 1132, "icao": "4aacaf", "time": 1791033350.73, "alt_ft": 700}}, {"type": "Feature", "geometry": {"type": "Point", "coordinates": [18.084348, 59.19955]}, "properties": {"sighting_id": 1132, "icao": "4aad15", "time": 1791033351.74, "alt_ft": 725}}, {"type": "Feature", "geometry": {"type": "Point", "coordinates": [17.908722, 59.623901]}, "properties": {"sighting_id": 1132, "icao": "4cafcf", "time": 1791033352.72, "alt_ft": 1575}}, {"type": "Feature", "geometry": {"type": "Point", "coordinates": [18.084869, 59.36348]}, "properties": {"sighting_id": 1132, "icao": "4ab56f", "time": 1791033352.83, "alt_ft": 8050}}, {"type": "Feature", "geometry": {"type": "Point", "coordinates": [18.654785, 59.844223]}, "properties": {"sighting_id": 1132, "icao": "4ab565", "time": 1791033352.95, "alt_ft": 8550}}, {"type": "Feature", "geometry": {"type": "Point", "coordinates": [18.083313, 59.199738]}, "properties": {"sighting_id": 1132, "icao": "4aad15", "time": 1791033353.36, "alt_ft": 725}}, {"type": "Feature", "geometry": {"type": "Point", "coordinates": [17.966858, 59.670868]}, "properties": {"sighting_id": 1132, "icao": "4ac9ef", "time": 1791033353.49, "alt_ft": 275}}, {"type": "Feature", "geometry": {"type": "Point", "coordinates": [18.04457, 59.799562]}, "properties": {"sighting_id": 1132, "icao": "4aca53", "time": 1791033353.49, "alt_ft": 2850}}, {"type": "Feature", "geometry": {"type": "Point", "coordinates": [17.908173, 59.622665]}, "properties": {"sighting_id": 1132, "icao": "4cafcf", "time": 1791033354.43, "alt_ft": 1650}}, {"type": "Feature", "geometry": {"type": "Point", "coordinates": [18.279166, 59.349169]}, "properties": {"sighting_id": 1132, "icao": "4a9755", "time": 1791033354.91, "alt_ft": 925}}, {"type": "Feature", "geometry": {"type": "Point", "coordinates": [18.611692, 59.404007]}, "properties": {"sighting_id": 1132, "icao": "4aaa4a", "time": 1791033355.66, "alt_ft": 75}}, {"type": "Feature", "geometry": {"type": "Point", "coordinates": [18.081507, 59.200155]}, "properties": {"sighting_id": 1132, "icao": "4aad15", "time": 1791033355.72, "alt_ft": 750}}, {"type": "Feature", "geometry": {"type": "Point", "coordinates": [19.023017, 58.974982]}, "properties": {"sighting_id": 1132, "icao": "4aca8a", "time": 1791033356.38, "alt_ft": 20525}}, {"type": "Feature", "geometry": {"type": "Point", "coordinates": [18.040833, 59.797806]}, "properties": {"sighting_id": 1132, "icao": "4aca53", "time": 1791033356.4, "alt_ft": 2825}}, {"type": "Feature", "geometry": {"type": "Point", "coordinates": [17.907525, 59.621127]}, "properties": {"sighting_id": 1132, "icao": "4cafcf", "time": 1791033356.53, "alt_ft": 1700}}, {"type": "Feature", "geometry": {"type": "Point", "coordinates": [17.23234, 58.996489]}, "properties": {"sighting_id": 1132, "icao": "4caff8", "time": 1791033356.87, "alt_ft": 20000}}, {"type": "Feature", "geometry": {"type": "Point", "coordinates": [17.749603, 59.294174]}, "properties": {"sighting_id": 1132, "icao": "4aacaf", "time": 1791033357.22, "alt_ft": 675}}, {"type": "Feature", "geometry": {"type": "Point", "coordinates": [18.080292, 59.200562]}, "properties": {"sighting_id": 1132, "icao": "4aad15", "time": 1791033357.64, "alt_ft": 750}}, {"type": "Feature", "geometry": {"type": "Point", "coordinates": [18.487919, 59.524264]}, "properties": {"sighting_id": 1132, "icao": "4a8e0c", "time": 1791033358.45, "alt_ft": 1300}}, {"type": "Feature", "geometry": {"type": "Point", "coordinates": [17.965772, 59.667958]}, "properties": {"sighting_id": 1132, "icao": "4ac9ef", "time": 1791033358.63, "alt_ft": 200}}, {"type": "Feature", "geometry": {"type": "Point", "coordinates": [17.906862, 59.619451]}, "properties": {"sighting_id": 1132, "icao": "4cafcf", "time": 1791033358.74, "alt_ft": 1775}}, {"type": "Feature", "geometry": {"type": "Point", "coordinates": [18.079102, 59.201111]}, "properties": {"sighting_id": 1132, "icao": "4aad15", "time": 1791033359.61, "alt_ft": 750}}, {"type": "Feature", "geometry": {"type": "Point", "coordinates": [17.906484, 59.61852]}, "properties": {"sighting_id": 1132, "icao": "4cafcf", "time": 1791033359.85, "alt_ft": 1800}}, {"type": "Feature", "geometry": {"type": "Point", "coordinates": [18.036331, 59.795465]}, "properties": {"sighting_id": 1132, "icao": "4aca53", "time": 1791033359.93, "alt_ft": 2800}}, {"type": "Feature", "geometry": {"type": "Point", "coordinates": [18.637927, 59.843879]}, "properties": {"sighting_id": 1132, "icao": "4ab565", "time": 1791033360.61, "alt_ft": 8350}}, {"type": "Feature", "geometry": {"type": "Point", "coordinates": [18.087067, 59.354965]}, "properties": {"sighting_id": 1132, "icao": "4ab56f", "time": 1791033361.55, "alt_ft": 8200}}, {"type": "Feature", "geometry": {"type": "Point", "coordinates": [17.905884, 59.617218]}, "properties": {"sighting_id": 1132, "icao": "4cafcf", "time": 1791033361.62, "alt_ft": 1825}}, {"type": "Feature", "geometry": {"type": "Point", "coordinates": [18.077728, 59.201843]}, "properties": {"sighting_id": 1132, "icao": "4aad15", "time": 1791033362.01, "alt_ft": 750}}, {"type": "Feature", "geometry": {"type": "Point", "coordinates": [17.744843, 59.295135]}, "properties": {"sighting_id": 1132, "icao": "4aacaf", "time": 1791033363.1, "alt_ft": 675}}, {"type": "Feature", "geometry": {"type": "Point", "coordinates": [17.964844, 59.665283]}, "properties": {"sighting_id": 1132, "icao": "4ac9ef", "time": 1791033363.3, "alt_ft": 175}}, {"type": "Feature", "geometry": {"type": "Point", "coordinates": [17.905347, 59.615866]}, "properties": {"sighting_id": 1132, "icao": "4cafcf", "time": 1791033363.3, "alt_ft": 1850}}, {"type": "Feature", "geometry": {"type": "Point", "coordinates": [18.605726, 59.402471]}, "properties": {"sighting_id": 1132, "icao": "4aaa4a", "time": 1791033364.05, "alt_ft": 50}}, {"type": "Feature", "geometry": {"type": "Point", "coordinates": [18.031036, 59.792542]}, "properties": {"sighting_id": 1132, "icao": "4aca53", "time": 1791033364.39, "alt_ft": 2750}}, {"type": "Feature", "geometry": {"type": "Point", "coordinates": [18.48132, 59.52366]}, "properties": {"sighting_id": 1132, "icao": "4a8e0c", "time": 1791033364.51, "alt_ft": 1300}}, {"type": "Feature", "geometry": {"type": "Point", "coordinates": [17.904602, 59.614563]}, "properties": {"sighting_id": 1132, "icao": "4cafcf", "time": 1791033364.92, "alt_ft": 1875}}, {"type": "Feature", "geometry": {"type": "Point", "coordinates": [18.076263, 59.20285]}, "properties": {"sighting_id": 1132, "icao": "4aad15", "time": 1791033365.18, "alt_ft": 775}}, {"type": "Feature", "geometry": {"type": "Point", "coordinates": [18.604305, 59.402145]}, "properties": {"sighting_id": 1132, "icao": "4aaa4a", "time": 1791033366.1, "alt_ft": 50}}, {"type": "Feature", "geometry": {"type": "Point", "coordinates": [18.274841, 59.344986]}, "properties": {"sighting_id": 1132, "icao": "4a9755", "time": 1791033366.3, "alt_ft": 950}}, {"type": "Feature", "geometry": {"type": "Point", "coordinates": [17.741913, 59.295731]}, "properties": {"sighting_id": 1132, "icao": "4aacaf", "time": 1791033366.71, "alt_ft": 700}}, {"type": "Feature", "geometry": {"type": "Point", "coordinates": [17.903263, 59.612422]}, "properties": {"sighting_id": 1132, "icao": "4cafcf", "time": 1791033367.56, "alt_ft": 1900}}, {"type": "Feature", "geometry": {"type": "Point", "coordinates": [18.622375, 59.843536]}, "properties": {"sighting_id": 1132, "icao": "4ab565", "time": 1791033367.61, "alt_ft": 8150}}, {"type": "Feature", "geometry": {"type": "Point", "coordinates": [17.222869, 58.978753]}, "properties": {"sighting_id": 1132, "icao": "4caff8", "time": 1791033367.65, "alt_ft": 20375}}, {"type": "Feature", "geometry": {"type": "Point", "coordinates": [18.074878, 59.203972]}, "properties": {"sighting_id": 1132, "icao": "4aad15", "time": 1791033368.1, "alt_ft": 775}}, {"type": "Feature", "geometry": {"type": "Point", "coordinates": [18.026576, 59.790018]}, "properties": {"sighting_id": 1132, "icao": "4aca53", "time": 1791033368.24, "alt_ft": 2700}}, {"type": "Feature", "geometry": {"type": "Point", "coordinates": [19.05011, 58.957169]}, "properties": {"sighting_id": 1132, "icao": "4aca8a", "time": 1791033368.93, "alt_ft": 20850}}, {"type": "Feature", "geometry": {"type": "Point", "coordinates": [18.074432, 59.204544]}, "properties": {"sighting_id": 1132, "icao": "4aad15", "time": 1791033369.62, "alt_ft": 775}}, {"type": "Feature", "geometry": {"type": "Point", "coordinates": [18.089172, 59.34668]}, "properties": {"sighting_id": 1132, "icao": "4ab56f", "time": 1791033370.0, "alt_ft": 8350}}, {"type": "Feature", "geometry": {"type": "Point", "coordinates": [17.901398, 59.610443]}, "properties": {"sighting_id": 1132, "icao": "4cafcf", "time": 1791033370.08, "alt_ft": 1925}}, {"type": "Feature", "geometry": {"type": "Point", "coordinates": [18.488258, 59.517597]}, "properties": {"sighting_id": 1132, "icao": "4a8e0c", "time": 1791033370.26, "alt_ft": 1300}}, {"type": "Feature", "geometry": {"type": "Point", "coordinates": [18.074025, 59.205183]}, "properties": {"sighting_id": 1132, "icao": "4aad15", "time": 1791033371.18, "alt_ft": 800}}, {"type": "Feature", "geometry": {"type": "Point", "coordinates": [18.022977, 59.788017]}, "properties": {"sighting_id": 1132, "icao": "4aca53", "time": 1791033371.32, "alt_ft": 2675}}, {"type": "Feature", "geometry": {"type": "Point", "coordinates": [17.900116, 59.609344]}, "properties": {"sighting_id": 1132, "icao": "4cafcf", "time": 1791033371.52, "alt_ft": 1950}}, {"type": "Feature", "geometry": {"type": "Point", "coordinates": [17.963196, 59.660751]}, "properties": {"sighting_id": 1132, "icao": "4ac9ef", "time": 1791033371.54, "alt_ft": 75}}, {"type": "Feature", "geometry": {"type": "Point", "coordinates": [17.899191, 59.608697]}, "properties": {"sighting_id": 1132, "icao": "4cafcf", "time": 1791033372.45, "alt_ft": 1975}}, {"type": "Feature", "geometry": {"type": "Point", "coordinates": [18.073883, 59.205826]}, "properties": {"sighting_id": 1132, "icao": "4aad15", "time": 1791033372.67, "alt_ft": 800}}, {"type": "Feature", "geometry": {"type": "Point", "coordinates": [17.737244, 59.296829]}, "properties": {"sighting_id": 1132, "icao": "4aacaf", "time": 1791033372.68, "alt_ft": 700}}, {"type": "Feature", "geometry": {"type": "Point", "coordinates": [18.599285, 59.401168]}, "properties": {"sighting_id": 1132, "icao": "4aaa4a", "time": 1791033372.95, "alt_ft": 75}}, {"type": "Feature", "geometry": {"type": "Point", "coordinates": [17.898193, 59.608017]}, "properties": {"sighting_id": 1132, "icao": "4cafcf", "time": 1791033373.37, "alt_ft": 2000}}, {"type": "Feature", "geometry": {"type": "Point", "coordinates": [17.897644, 59.607697]}, "properties": {"sighting_id": 1132, "icao": "4cafcf", "time": 1791033373.87, "alt_ft": 2025}}, {"type": "Feature", "geometry": {"type": "Point", "coordinates": [18.074025, 59.206486]}, "properties": {"sighting_id": 1132, "icao": "4aad15", "time": 1791033374.1, "alt_ft": 825}}, {"type": "Feature", "geometry": {"type": "Point", "coordinates": [17.962555, 59.659195]}, "properties": {"sighting_id": 1132, "icao": "4ac9ef", "time": 1791033374.34, "alt_ft": 50}}, {"type": "Feature", "geometry": {"type": "Point", "coordinates": [17.896454, 59.607056]}, "properties": {"sighting_id": 1132, "icao": "4cafcf", "time": 1791033374.88, "alt_ft": 2050}}, {"type": "Feature", "geometry": {"type": "Point", "coordinates": [18.605713, 59.84317]}, "properties": {"sighting_id": 1132, "icao": "4ab565", "time": 1791033375.14, "alt_ft": 7950}}, {"type": "Feature", "geometry": {"type": "Point", "coordinates": [18.597107, 59.400842]}, "properties": {"sighting_id": 1132, "icao": "4aaa4a", "time": 1791033375.74, "alt_ft": 50}}, {"type": "Feature", "geometry": {"type": "Point", "coordinates": [18.074309, 59.207184]}, "properties": {"sighting_id": 1132, "icao": "4aad15", "time": 1791033375.77, "alt_ft": 850}}, {"type": "Feature", "geometry": {"type": "Point", "coordinates": [17.895264, 59.606461]}, "properties": {"sighting_id": 1132, "icao": "4cafcf", "time": 1791033375.91, "alt_ft": 2100}}, {"type": "Feature", "geometry": {"type": "Point", "coordinates": [18.017487, 59.784897]}, "properties": {"sighting_id": 1132, "icao": "4aca53", "time": 1791033376.05, "alt_ft": 2625}}, {"type": "Feature", "geometry": {"type": "Point", "coordinates": [18.270548, 59.341162]}, "properties": {"sighting_id": 1132, "icao": "4a9755", "time": 1791033376.76, "alt_ft": 925}}, {"type": "Feature", "geometry": {"type": "Point", "coordinates": [18.475764, 59.517868]}, "properties": {"sighting_id": 1132, "icao": "4a8e0c", "time": 1791033376.96, "alt_ft": 1300}}, {"type": "Feature", "geometry": {"type": "Point", "coordinates": [18.074799, 59.207794]}, "properties": {"sighting_id": 1132, "icao": "4aad15", "time": 1791033377.19, "alt_ft": 850}}, {"type": "Feature", "geometry": {"type": "Point", "coordinates": [17.892792, 59.605362]}, "properties": {"sighting_id": 1132, "icao": "4cafcf", "time": 1791033377.83, "alt_ft": 2175}}, {"type": "Feature", "geometry": {"type": "Point", "coordinates": [18.091187, 59.33876]}, "properties": {"sighting_id": 1132, "icao": "4ab56f", "time": 1791033377.95, "alt_ft": 8525}}, {"type": "Feature", "geometry": {"type": "Point", "coordinates": [17.213019, 58.960504]}, "properties": {"sighting_id": 1132, "icao": "4caff8", "time": 1791033378.69, "alt_ft": 20750}}, {"type": "Feature", "geometry": {"type": "Point", "coordinates": [18.075439, 59.208344]}, "properties": {"sighting_id": 1132, "icao": "4aad15", "time": 1791033378.74, "alt_ft": 875}}, {"type": "Feature", "geometry": {"type": "Point", "coordinates": [17.890594, 59.60463]}, "properties": {"sighting_id": 1132, "icao": "4cafcf", "time": 1791033379.32, "alt_ft": 2250}}, {"type": "Feature", "geometry": {"type": "Point", "coordinates": [18.269695, 59.340044]}, "properties": {"sighting_id": 1132, "icao": "4a9755", "time": 1791033379.56, "alt_ft": 925}}, {"type": "Feature", "geometry": {"type": "Point", "coordinates": [18.01379, 59.78257]}, "properties": {"sighting_id": 1132, "icao": "4aca53", "time": 1791033379.58, "alt_ft": 2550}}, {"type": "Feature", "geometry": {"type": "Point", "coordinates": [17.731744, 59.298287]}, "properties": {"sighting_id": 1132, "icao": "4aacaf", "time": 1791033379.71, "alt_ft": 700}}, {"type": "Feature", "geometry": {"type": "Point", "coordinates": [17.211182, 58.957077]}, "properties": {"sighting_id": 1132, "icao": "4caff8", "time": 1791033380.76, "alt_ft": 20800}}, {"type": "Feature", "geometry": {"type": "Point", "coordinates": [18.076866, 59.209233]}, "properties": {"sighting_id": 1132, "icao": "4aad15", "time": 1791033381.1, "alt_ft": 900}}, {"type": "Feature", "geometry": {"type": "Point", "coordinates": [17.887848, 59.60376]}, "properties": {"sighting_id": 1132, "icao": "4cafcf", "time": 1791033381.25, "alt_ft": 2325}}, {"type": "Feature", "geometry": {"type": "Point", "coordinates": [19.079085, 58.938066]}, "properties": {"sighting_id": 1132, "icao": "4aca8a", "time": 1791033382.27, "alt_ft": 21150}}, {"type": "Feature", "geometry": {"type": "Point", "coordinates": [18.077637, 59.209625]}, "properties": {"sighting_id": 1132, "icao": "4aad15", "time": 1791033382.34, "alt_ft": 875}}, {"type": "Feature", "geometry": {"type": "Point", "coordinates": [18.011169, 59.780457]}, "properties": {"sighting_id": 1132, "icao": "4aca53", "time": 1791033382.47, "alt_ft": 2500}}, {"type": "Feature", "geometry": {"type": "Point", "coordinates": [18.589435, 59.842809]}, "properties": {"sighting_id": 1132, "icao": "4ab565", "time": 1791033382.5, "alt_ft": 7750}}, {"type": "Feature", "geometry": {"type": "Point", "coordinates": [18.47334, 59.517829]}, "properties": {"sighting_id": 1132, "icao": "4a8e0c", "time": 1791033382.81, "alt_ft": 1300}}, {"type": "Feature", "geometry": {"type": "Point", "coordinates": [17.884606, 59.602925]}, "properties": {"sighting_id": 1132, "icao": "4cafcf", "time": 1791033383.3, "alt_ft": 2400}}, {"type": "Feature", "geometry": {"type": "Point", "coordinates": [18.078369, 59.209946]}, "properties": {"sighting_id": 1132, "icao": "4aad15", "time": 1791033383.31, "alt_ft": 875}}, {"type": "Feature", "geometry": {"type": "Point", "coordinates": [17.207794, 58.95076]}, "properties": {"sighting_id": 1132, "icao": "4caff8", "time": 1791033384.57, "alt_ft": 20925}}, {"type": "Feature", "geometry": {"type": "Point", "coordinates": [18.009338, 59.778567]}, "properties": {"sighting_id": 1132, "icao": "4aca53", "time": 1791033385.05, "alt_ft": 2450}}, {"type": "Feature", "geometry": {"type": "Point", "coordinates": [17.881291, 59.60218]}, "properties": {"sighting_id": 1132, "icao": "4cafcf", "time": 1791033385.39, "alt_ft": 2475}}, {"type": "Feature", "geometry": {"type": "Point", "coordinates": [18.0802, 59.210724]}, "properties": {"sighting_id": 1132, "icao": "4aad15", "time": 1791033385.66, "alt_ft": 850}}, {"type": "Feature", "geometry": {"type": "Point", "coordinates": [18.093441, 59.330315]}, "properties": {"sighting_id": 1132, "icao": "4ab56f", "time": 1791033386.49, "alt_ft": 8675}}, {"type": "Feature", "geometry": {"type": "Point", "coordinates": [18.588204, 59.399585]}, "properties": {"sighting_id": 1132, "icao": "4aaa4a", "time": 1791033386.55, "alt_ft": 75}}, {"type": "Feature", "geometry": {"type": "Point", "coordinates": [17.879059, 59.6017]}, "properties": {"sighting_id": 1132, "icao": "4cafcf", "time": 1791033386.73, "alt_ft": 2550}}, {"type": "Feature", "geometry": {"type": "Point", "coordinates": [18.082075, 59.211374]}, "properties": {"sighting_id": 1132, "icao": "4aad15", "time": 1791033387.93, "alt_ft": 825}}, {"type": "Feature", "geometry": {"type": "Point", "coordinates": [18.007065, 59.775773]}, "properties": {"sighting_id": 1132, "icao": "4aca53", "time": 1791033388.44, "alt_ft": 2400}}, {"type": "Feature", "geometry": {"type": "Point", "coordinates": [17.876177, 59.601156]}, "properties": {"sighting_id": 1132, "icao": "4cafcf", "time": 1791033388.58, "alt_ft": 2600}}, {"type": "Feature", "geometry": {"type": "Point", "coordinates": [18.266854, 59.336134]}, "properties": {"sighting_id": 1132, "icao": "4a9755", "time": 1791033389.15, "alt_ft": 925}}, {"type": "Feature", "geometry": {"type": "Point", "coordinates": [17.873657, 59.600693]}, "properties": {"sighting_id": 1132, "icao": "4cafcf", "time": 1791033389.98, "alt_ft": 2675}}, {"type": "Feature", "geometry": {"type": "Point", "coordinates": [18.08397, 59.211793]}, "properties": {"sighting_id": 1132, "icao": "4aad15", "time": 1791033389.99, "alt_ft": 825}}, {"type": "Feature", "geometry": {"type": "Point", "coordinates": [18.572388, 59.842436]}, "properties": {"sighting_id": 1132, "icao": "4ab565", "time": 1791033390.21, "alt_ft": 7575}}, {"type": "Feature", "geometry": {"type": "Point", "coordinates": [17.202601, 58.941092]}, "properties": {"sighting_id": 1132, "icao": "4caff8", "time": 1791033390.4, "alt_ft": 21075}}, {"type": "Feature", "geometry": {"type": "Point", "coordinates": [17.872104, 59.600411]}, "properties": {"sighting_id": 1132, "icao": "4cafcf", "time": 1791033390.91, "alt_ft": 2725}}, {"type": "Feature", "geometry": {"type": "Point", "coordinates": [18.005455, 59.773213]}, "properties": {"sighting_id": 1132, "icao": "4aca53", "time": 1791033391.51, "alt_ft": 2325}}, {"type": "Feature", "geometry": {"type": "Point", "coordinates": [18.085602, 59.212051]}, "properties": {"sighting_id": 1132, "icao": "4aad15", "time": 1791033391.64, "alt_ft": 800}}, {"type": "Feature", "geometry": {"type": "Point", "coordinates": [18.584106, 59.399002]}, "properties": {"sighting_id": 1132, "icao": "4aaa4a", "time": 1791033391.65, "alt_ft": 100}}, {"type": "Feature", "geometry": {"type": "Point", "coordinates": [17.870399, 59.600132]}, "properties": {"sighting_id": 1132, "icao": "4cafcf", "time": 1791033391.9, "alt_ft": 2775}}, {"type": "Feature", "geometry": {"type": "Point", "coordinates": [17.722368, 59.300987]}, "properties": {"sighting_id": 1132, "icao": "4aacaf", "time": 1791033392.2, "alt_ft": 675}}, {"type": "Feature", "geometry": {"type": "Point", "coordinates": [18.464857, 59.515285]}, "properties": {"sighting_id": 1132, "icao": "4a8e0c", "time": 1791033392.5, "alt_ft": 1300}}, {"type": "Feature", "geometry": {"type": "Point", "coordinates": [18.087095, 59.212119]}, "properties": {"sighting_id": 1132, "icao": "4aad15", "time": 1791033393.19, "alt_ft": 800}}, {"type": "Feature", "geometry": {"type": "Point", "coordinates": [17.868031, 59.599713]}, "properties": {"sighting_id": 1132, "icao": "4cafcf", "time": 1791033393.32, "alt_ft": 2875}}, {"type": "Feature", "geometry": {"type": "Point", "coordinates": [17.927889, 59.359594]}, "properties": {"sighting_id": 1132, "icao": "4ab315", "time": 1791033393.44, "alt_ft": 400}}, {"type": "Feature", "geometry": {"type": "Point", "coordinates": [17.865853, 59.59934]}, "properties": {"sighting_id": 1132, "icao": "4cafcf", "time": 1791033394.65, "alt_ft": 2950}}, {"type": "Feature", "geometry": {"type": "Point", "coordinates": [18.088531, 59.212097]}, "properties": {"sighting_id": 1132, "icao": "4aad15", "time": 1791033394.78, "alt_ft": 825}}, {"type": "Feature", "geometry": {"type": "Point", "coordinates": [19.107147, 58.919495]}, "properties": {"sighting_id": 1132, "icao": "4aca8a", "time": 1791033394.94, "alt_ft": 21475}}, {"type": "Feature", "geometry": {"type": "Point", "coordinates": [18.00394, 59.77028]}, "properties": {"sighting_id": 1132, "icao": "4aca53", "time": 1791033394.96, "alt_ft": 2250}}, {"type": "Feature", "geometry": {"type": "Point", "coordinates": [17.864148, 59.599015]}, "properties": {"sighting_id": 1132, "icao": "4cafcf", "time": 1791033395.72, "alt_ft": 3025}}, {"type": "Feature", "geometry": {"type": "Point", "coordinates": [18.095856, 59.32077]}, "properties": {"sighting_id": 1132, "icao": "4ab56f", "time": 1791033396.05, "alt_ft": 8825}}, {"type": "Feature", "geometry": {"type": "Point", "coordinates": [18.089996, 59.211914]}, "properties": {"sighting_id": 1132, "icao": "4aad15", "time": 1791033396.32, "alt_ft": 825}}, {"type": "Feature", "geometry": {"type": "Point", "coordinates": [17.862488, 59.59877]}, "properties": {"sighting_id": 1132, "icao": "4cafcf", "time": 1791033396.72, "alt_ft": 3100}}, {"type": "Feature", "geometry": {"type": "Point", "coordinates": [17.926214, 59.360421]}, "properties": {"sighting_id": 1132, "icao": "4ab315", "time": 1791033396.86, "alt_ft": 450}}, {"type": "Feature", "geometry": {"type": "Point", "coordinates": [18.45875, 59.515383]}, "properties": {"sighting_id": 1132, "icao": "4a8e0c", "time": 1791033397.11, "alt_ft": 1400}}, {"type": "Feature", "geometry": {"type": "Point", "coordinates": [18.556549, 59.842117]}, "properties": {"sighting_id": 1132, "icao": "4ab565", "time": 1791033397.51, "alt_ft": 7400}}, {"type": "Feature", "geometry": {"type": "Point", "coordinates": [18.578828, 59.398142]}, "properties": {"sighting_id": 1132, "icao": "4aaa4a", "time": 1791033397.67, "alt_ft": 75}}, {"type": "Feature", "geometry": {"type": "Point", "coordinates": [17.860265, 59.598363]}, "properties": {"sighting_id": 1132, "icao": "4cafcf", "time": 1791033398.06, "alt_ft": 3175}}, {"type": "Feature", "geometry": {"type": "Point", "coordinates": [17.717822, 59.302384]}, "properties": {"sighting_id": 1132, "icao": "4aacaf", "time": 1791033398.11, "alt_ft": 675}}, {"type": "Feature", "geometry": {"type": "Point", "coordinates": [18.091641, 59.21156]}, "properties": {"sighting_id": 1132, "icao": "4aad15", "time": 1791033398.27, "alt_ft": 825}}, {"type": "Feature", "geometry": {"type": "Point", "coordinates": [18.002563, 59.767181]}, "properties": {"sighting_id": 1132, "icao": "4aca53", "time": 1791033398.63, "alt_ft": 2175}}, {"type": "Feature", "geometry": {"type": "Point", "coordinates": [17.858466, 59.598037]}, "properties": {"sighting_id": 1132, "icao": "4cafcf", "time": 1791033399.1, "alt_ft": 3250}}, {"type": "Feature", "geometry": {"type": "Point", "coordinates": [18.092468, 59.211273]}, "properties": {"sighting_id": 1132, "icao": "4aad15", "time": 1791033399.29, "alt_ft": 800}}, {"type": "Feature", "geometry": {"type": "Point", "coordinates": [17.922448, 59.360626]}, "properties": {"sighting_id": 1132, "icao": "4ab315", "time": 1791033399.56, "alt_ft": 500}}, {"type": "Feature", "geometry": {"type": "Point", "coordinates": [17.85695, 59.597711]}, "properties": {"sighting_id": 1132, "icao": "4cafcf", "time": 1791033400.07, "alt_ft": 3325}}, {"type": "Feature", "geometry": {"type": "Point", "coordinates": [18.263066, 59.331293]}, "properties": {"sighting_id": 1132, "icao": "4a9755", "time": 1791033400.86, "alt_ft": 875}}, {"type": "Feature", "geometry": {"type": "Point", "coordinates": [18.093535, 59.210815]}, "properties": {"sighting_id": 1132, "icao": "4aad15", "time": 1791033400.86, "alt_ft": 800}}, {"type": "Feature", "geometry": {"type": "Point", "coordinates": [17.19278, 58.922607]}, "properties": {"sighting_id": 1132, "icao": "4caff8", "time": 1791033401.43, "alt_ft": 21450}}, {"type": "Feature", "geometry": {"type": "Point", "coordinates": [17.920642, 59.362714]}, "properties": {"sighting_id": 1132, "icao": "4ab315", "time": 1791033401.69, "alt_ft": 575}}, {"type": "Feature", "geometry": {"type": "Point", "coordinates": [17.854109, 59.597152]}, "properties": {"sighting_id": 1132, "icao": "4cafcf", "time": 1791033401.83, "alt_ft": 3425}}, {"type": "Feature", "geometry": {"type": "Point", "coordinates": [18.463337, 59.510394]}, "properties": {"sighting_id": 1132, "icao": "4a8e0c", "time": 1791033402.28, "alt_ft": 1300}}, {"type": "Feature", "geometry": {"type": "Point", "coordinates": [18.094482, 59.210257]}, "properties": {"sighting_id": 1132, "icao": "4aad15", "time": 1791033402.31, "alt_ft": 775}}, {"type": "Feature", "geometry": {"type": "Point", "coordinates": [18.001288, 59.763949]}, "properties": {"sighting_id": 1132, "icao": "4aca53", "time": 1791033402.38, "alt_ft": 2100}}, {"type": "Feature", "geometry": {"type": "Point", "coordinates": [17.714813, 59.303467]}, "properties": {"sighting_id": 1132, "icao": "4aacaf", "time": 1791033402.53, "alt_ft": 675}}, {"type": "Feature", "geometry": {"type": "Point", "coordinates": [17.852509, 59.596848]}, "properties": {"sighting_id": 1132, "icao": "4cafcf", "time": 1791033402.75, "alt_ft": 3500}}, {"type": "Feature", "geometry": {"type": "Point", "coordinates": [18.573808, 59.397304]}, "properties": {"sighting_id": 1132, "icao": "4aaa4a", "time": 1791033403.7, "alt_ft": 75}}, {"type": "Feature", "geometry": {"type": "Point", "coordinates": [18.095215, 59.209717]}, "properties": {"sighting_id": 1132, "icao": "4aad15", "time": 1791033403.87, "alt_ft": 750}}, {"type": "Feature", "geometry": {"type": "Point", "coordinates": [17.850494, 59.596436]}, "properties": {"sighting_id": 1132, "icao": "4cafcf", "time": 1791033404.09, "alt_ft": 3575}}, {"type": "Feature", "geometry": {"type": "Point", "coordinates": [18.540755, 59.841878]}, "properties": {"sighting_id": 1132, "icao": "4ab565", "time": 1791033404.71, "alt_ft": 7200}}, {"type": "Feature", "geometry": {"type": "Point", "coordinates": [18.098145, 59.31189]}, "properties": {"sighting_id": 1132, "icao": "4ab56f", "time": 1791033404.84, "alt_ft": 8975}}, {"type": "Feature", "geometry": {"type": "Point", "coordinates": [18.095524, 59.209326]}, "properties": {"sighting_id": 1132, "icao": "4aad15", "time": 1791033404.85, "alt_ft": 750}}, {"type": "Feature", "geometry": {"type": "Point", "coordinates": [17.918669, 59.363656]}, "properties": {"sighting_id": 1132, "icao": "4ab315", "time": 1791033404.86, "alt_ft": 625}}, {"type": "Feature", "geometry": {"type": "Point", "coordinates": [17.848938, 59.596115]}, "properties": {"sighting_id": 1132, "icao": "4cafcf", "time": 1791033405.07, "alt_ft": 3650}}, {"type": "Feature", "geometry": {"type": "Point", "coordinates": [18.095808, 59.208907]}, "properties": {"sighting_id": 1132, "icao": "4aad15", "time": 1791033405.71, "alt_ft": 750}}, {"type": "Feature", "geometry": {"type": "Point", "coordinates": [17.847101, 59.595709]}, "properties": {"sighting_id": 1132, "icao": "4cafcf", "time": 1791033406.16, "alt_ft": 3725}}, {"type": "Feature", "geometry": {"type": "Point", "coordinates": [18.261108, 59.328873]}, "properties": {"sighting_id": 1132, "icao": "4a9755", "time": 1791033406.55, "alt_ft": 875}}, {"type": "Feature", "geometry": {"type": "Point", "coordinates": [17.999817, 59.760406]}, "properties": {"sighting_id": 1132, "icao": "4aca53", "time": 1791033406.62, "alt_ft": 2025}}, {"type": "Feature", "geometry": {"type": "Point", "coordinates": [18.096039, 59.208572]}, "properties": {"sighting_id": 1132, "icao": "4aad15", "time": 1791033406.67, "alt_ft": 750}}, {"type": "Feature", "geometry": {"type": "Point", "coordinates": [17.845585, 59.595383]}, "properties": {"sighting_id": 1132, "icao": "4cafcf", "time": 1791033407.15, "alt_ft": 3775}}, {"type": "Feature", "geometry": {"type": "Point", "coordinates": [17.916602, 59.364692]}, "properties": {"sighting_id": 1132, "icao": "4ab315", "time": 1791033407.62, "alt_ft": 625}}, {"type": "Feature", "geometry": {"type": "Point", "coordinates": [18.455289, 59.50974]}, "properties": {"sighting_id": 1132, "icao": "4a8e0c", "time": 1791033408.52, "alt_ft": 1300}}, {"type": "Feature", "geometry": {"type": "Point", "coordinates": [17.843262, 59.594833]}, "properties": {"sighting_id": 1132, "icao": "4cafcf", "time": 1791033408.54, "alt_ft": 3850}}, {"type": "Feature", "geometry": {"type": "Point", "coordinates": [18.096282, 59.207696]}, "properties": {"sighting_id": 1132, "icao": "4aad15", "time": 1791033408.7, "alt_ft": 775}}, {"type": "Feature", "geometry": {"type": "Point", "coordinates": [18.260698, 59.327941]}, "properties": {"sighting_id": 1132, "icao": "4a9755", "time": 1791033408.86, "alt_ft": 875}}, {"type": "Feature", "geometry": {"type": "Point", "coordinates": [17.915547, 59.364905]}, "properties": {"sighting_id": 1132, "icao": "4ab315", "time": 1791033409.38, "alt_ft": 650}}, {"type": "Feature", "geometry": {"type": "Point", "coordinates": [17.709961, 59.30527]}, "properties": {"sighting_id": 1132, "icao": "4aacaf", "time": 1791033409.58, "alt_ft": 675}}, {"type": "Feature", "geometry": {"type": "Point", "coordinates": [17.841513, 59.594452]}, "properties": {"sighting_id": 1132, "icao": "4cafcf", "time": 1791033409.66, "alt_ft": 3900}}, {"type": "Feature", "geometry": {"type": "Point", "coordinates": [18.260509, 59.327243]}, "properties": {"sighting_id": 1132, "icao": "4a9755", "time": 1791033410.37, "alt_ft": 875}}, {"type": "Feature", "geometry": {"type": "Point", "coordinates": [17.840057, 59.594147]}, "properties": {"sighting_id": 1132, "icao": "4cafcf", "time": 1791033410.51, "alt_ft": 3950}}, {"type": "Feature", "geometry": {"type": "Point", "coordinates": [18.096313, 59.206879]}, "properties": {"sighting_id": 1132, "icao": "4aad15", "time": 1791033410.8, "alt_ft": 775}}, {"type": "Feature", "geometry": {"type": "Point", "coordinates": [17.99826, 59.756561]}, "properties": {"sighting_id": 1132, "icao": "4aca53", "time": 1791033411.05, "alt_ft": 1950}}, {"type": "Feature", "geometry": {"type": "Point", "coordinates": [18.525128, 59.841645]}, "properties": {"sighting_id": 1132, "icao": "4ab565", "time": 1791033411.89, "alt_ft": 7025}}, {"type": "Feature", "geometry": {"type": "Point", "coordinates": [18.096282, 59.206346]}, "properties": {"sighting_id": 1132, "icao": "4aad15", "time": 1791033412.2, "alt_ft": 775}}, {"type": "Feature", "geometry": {"type": "Point", "coordinates": [17.837346, 59.593475]}, "properties": {"sighting_id": 1132, "icao": "4cafcf", "time": 1791033412.21, "alt_ft": 4000}}, {"type": "Feature", "geometry": {"type": "Point", "coordinates": [18.260509, 59.326451]}, "properties": {"sighting_id": 1132, "icao": "4a9755", "time": 1791033412.31, "alt_ft": 900}}, {"type": "Feature", "geometry": {"type": "Point", "coordinates": [17.182807, 58.90385]}, "properties": {"sighting_id": 1132, "icao": "4caff8", "time": 1791033412.63, "alt_ft": 21800}}, {"type": "Feature", "geometry": {"type": "Point", "coordinates": [17.910146, 59.366134]}, "properties": {"sighting_id": 1132, "icao": "4ab315", "time": 1791033413.04, "alt_ft": 725}}, {"type": "Feature", "geometry": {"type": "Point", "coordinates": [18.100354, 59.303361]}, "properties": {"sighting_id": 1132, "icao": "4ab56f", "time": 1791033413.31, "alt_ft": 9150}}, {"type": "Feature", "geometry": {"type": "Point", "coordinates": [17.707498, 59.306294]}, "properties": {"sighting_id": 1132, "icao": "4aacaf", "time": 1791033413.44, "alt_ft": 675}}, {"type": "Feature", "geometry": {"type": "Point", "coordinates": [18.095947, 59.20578]}, "properties": {"sighting_id": 1132, "icao": "4aad15", "time": 1791033413.69, "alt_ft": 750}}, {"type": "Feature", "geometry": {"type": "Point", "coordinates": [17.834599, 59.59287]}, "properties": {"sighting_id": 1132, "icao": "4cafcf", "time": 1791033413.9, "alt_ft": 4075}}, {"type": "Feature", "geometry": {"type": "Point", "coordinates": [18.260698, 59.325567]}, "properties": {"sighting_id": 1132, "icao": "4a9755", "time": 1791033414.33, "alt_ft": 925}}, {"type": "Feature", "geometry": {"type": "Point", "coordinates": [18.51954, 59.841552]}, "properties": {"sighting_id": 1132, "icao": "4ab565", "time": 1791033414.49, "alt_ft": 6950}}, {"type": "Feature", "geometry": {"type": "Point", "coordinates": [18.095714, 59.205276]}, "properties": {"sighting_id": 1132, "icao": "4aad15", "time": 1791033414.99, "alt_ft": 750}}, {"type": "Feature", "geometry": {"type": "Point", "coordinates": [17.996931, 59.752916]}, "properties": {"sighting_id": 1132, "icao": "4aca53", "time": 1791033415.37, "alt_ft": 1875}}, {"type": "Feature", "geometry": {"type": "Point", "coordinates": [17.907452, 59.366915]}, "properties": {"sighting_id": 1132, "icao": "4ab315", "time": 1791033415.64, "alt_ft": 750}}, {"type": "Feature", "geometry": {"type": "Point", "coordinates": [18.095335, 59.204903]}, "properties": {"sighting_id": 1132, "icao": "4aad15", "time": 1791033416.01, "alt_ft": 725}}, {"type": "Feature", "geometry": {"type": "Point", "coordinates": [17.831095, 59.591985]}, "properties": {"sighting_id": 1132, "icao": "4cafcf", "time": 1791033416.04, "alt_ft": 4150}}, {"type": "Feature", "geometry": {"type": "Point", "coordinates": [18.261266, 59.324682]}, "properties": {"sighting_id": 1132, "icao": "4a9755", "time": 1791033416.43, "alt_ft": 925}}, {"type": "Feature", "geometry": {"type": "Point", "coordinates": [18.512531, 59.841459]}, "properties": {"sighting_id": 1132, "icao": "4ab565", "time": 1791033417.71, "alt_ft": 6875}}, {"type": "Feature", "geometry": {"type": "Point", "coordinates": [18.094577, 59.204205]}, "properties": {"sighting_id": 1132, "icao": "4aad15", "time": 1791033417.95, "alt_ft": 700}}, {"type": "Feature", "geometry": {"type": "Point", "coordinates": [18.443926, 59.509602]}, "properties": {"sighting_id": 1132, "icao": "4a8e0c", "time": 1791033418.06, "alt_ft": 1300}}, {"type": "Feature", "geometry": {"type": "Point", "coordinates": [18.561496, 59.394976]}, "properties": {"sighting_id": 1132, "icao": "4aaa4a", "time": 1791033418.14, "alt_ft": 75}}, {"type": "Feature", "geometry": {"type": "Point", "coordinates": [17.827117, 59.591008]}, "properties": {"sighting_id": 1132, "icao": "4cafcf", "time": 1791033418.37, "alt_ft": 4225}}, {"type": "Feature", "geometry": {"type": "Point", "coordinates": [17.904498, 59.36712]}, "properties": {"sighting_id": 1132, "icao": "4ab315", "time": 1791033418.44, "alt_ft": 825}}, {"type": "Feature", "geometry": {"type": "Point", "coordinates": [17.703552, 59.307999]}, "properties": {"sighting_id": 1132, "icao": "4aacaf", "time": 1791033419.51, "alt_ft": 650}}, {"type": "Feature", "geometry": {"type": "Point", "coordinates": [17.995605, 59.749471]}, "properties": {"sighting_id": 1132, "icao": "4aca53", "time": 1791033419.56, "alt_ft": 1800}}, {"type": "Feature", "geometry": {"type": "Point", "coordinates": [18.093914, 59.203693]}, "properties": {"sighting_id": 1132, "icao": "4aad15", "time": 1791033419.65, "alt_ft": 675}}, {"type": "Feature", "geometry": {"type": "Point", "coordinates": [17.1763, 58.891434]}, "properties": {"sighting_id": 1132, "icao": "4caff8", "time": 1791033419.93, "alt_ft": 22050}}, {"type": "Feature", "geometry": {"type": "Point", "coordinates": [18.262403, 59.323099]}, "properties": {"sighting_id": 1132, "icao": "4a9755", "time": 1791033420.01, "alt_ft": 950}}, {"type": "Feature", "geometry": {"type": "Point", "coordinates": [17.823761, 59.590118]}, "properties": {"sighting_id": 1132, "icao": "4cafcf", "time": 1791033420.34, "alt_ft": 4300}}, {"type": "Feature", "geometry": {"type": "Point", "coordinates": [18.506659, 59.841365]}, "properties": {"sighting_id": 1132, "icao": "4ab565", "time": 1791033420.36, "alt_ft": 6800}}, {"type": "Feature", "geometry": {"type": "Point", "coordinates": [18.093062, 59.203181]}, "properties": {"sighting_id": 1132, "icao": "4aad15", "time": 1791033421.21, "alt_ft": 675}}, {"type": "Feature", "geometry": {"type": "Point", "coordinates": [18.102627, 59.29447]}, "properties": {"sighting_id": 1132, "icao": "4ab56f", "time": 1791033422.1, "alt_ft": 9300}}, {"type": "Feature", "geometry": {"type": "Point", "coordinates": [17.820014, 59.589099]}, "properties": {"sighting_id": 1132, "icao": "4cafcf", "time": 1791033422.64, "alt_ft": 4375}}, {"type": "Feature", "geometry": {"type": "Point", "coordinates": [18.448462, 59.503618]}, "properties": {"sighting_id": 1132, "icao": "4a8e0c", "time": 1791033423.2, "alt_ft": 1300}}, {"type": "Feature", "geometry": {"type": "Point", "coordinates": [18.091827, 59.202621]}, "properties": {"sighting_id": 1132, "icao": "4aad15", "time": 1791033423.28, "alt_ft": 650}}, {"type": "Feature", "geometry": {"type": "Point", "coordinates": [18.499878, 59.841248]}, "properties": {"sighting_id": 1132, "icao": "4ab565", "time": 1791033423.55, "alt_ft": 6725}}, {"type": "Feature", "geometry": {"type": "Point", "coordinates": [17.900017, 59.367758]}, "properties": {"sighting_id": 1132, "icao": "4ab315", "time": 1791033424.02, "alt_ft": 900}}, {"type": "Feature", "geometry": {"type": "Point", "coordinates": [17.817627, 59.58847]}, "properties": {"sighting_id": 1132, "icao": "4cafcf", "time": 1791033424.03, "alt_ft": 4450}}, {"type": "Feature", "geometry": {"type": "Point", "coordinates": [17.994185, 59.745375]}, "properties": {"sighting_id": 1132, "icao": "4aca53", "time": 1791033424.34, "alt_ft": 1725}}, {"type": "Feature", "geometry": {"type": "Point", "coordinates": [18.090637, 59.202255]}, "properties": {"sighting_id": 1132, "icao": "4aad15", "time": 1791033425.05, "alt_ft": 650}}, {"type": "Feature", "geometry": {"type": "Point", "coordinates": [18.264202, 59.320772]}, "properties": {"sighting_id": 1132, "icao": "4a9755", "time": 1791033425.15, "alt_ft": 900}}, {"type": "Feature", "geometry": {"type": "Point", "coordinates": [17.814236, 59.587563]}, "properties": {"sighting_id": 1132, "icao": "4cafcf", "time": 1791033425.96, "alt_ft": 4525}}, {"type": "Feature", "geometry": {"type": "Point", "coordinates": [17.898332, 59.368163]}, "properties": {"sighting_id": 1132, "icao": "4ab315", "time": 1791033426.1, "alt_ft": 925}}, {"type": "Feature", "geometry": {"type": "Point", "coordinates": [18.493494, 59.841133]}, "properties": {"sighting_id": 1132, "icao": "4ab565", "time": 1791033426.51, "alt_ft": 6650}}, {"type": "Feature", "geometry": {"type": "Point", "coordinates": [18.088898, 59.201843]}, "properties": {"sighting_id": 1132, "icao": "4aad15", "time": 1791033427.54, "alt_ft": 650}}, {"type": "Feature", "geometry": {"type": "Point", "coordinates": [18.553436, 59.393326]}, "properties": {"sighting_id": 1132, "icao": "4aaa4a", "time": 1791033427.55, "alt_ft": 75}}, {"type": "Feature", "geometry": {"type": "Point", "coordinates": [17.810732, 59.586632]}, "properties": {"sighting_id": 1132, "icao": "4cafcf", "time": 1791033428.03, "alt_ft": 4600}}, {"type": "Feature", "geometry": {"type": "Point", "coordinates": [17.897616, 59.368406]}, "properties": {"sighting_id": 1132, "icao": "4ab315", "time": 1791033428.28, "alt_ft": 1000}}, {"type": "Feature", "geometry": {"type": "Point", "coordinates": [17.992859, 59.74179]}, "properties": {"sighting_id": 1132, "icao": "4aca53", "time": 1791033428.77, "alt_ft": 1650}}, {"type": "Feature", "geometry": {"type": "Point", "coordinates": [18.087891, 59.201706]}, "properties": {"sighting_id": 1132, "icao": "4aad15", "time": 1791033428.82, "alt_ft": 650}}, {"type": "Feature", "geometry": {"type": "Point", "coordinates": [18.487149, 59.84104]}, "properties": {"sighting_id": 1132, "icao": "4ab565", "time": 1791033429.4, "alt_ft": 6575}}, {"type": "Feature", "geometry": {"type": "Point", "coordinates": [18.445378, 59.50152]}, "properties": {"sighting_id": 1132, "icao": "4a8e0c", "time": 1791033429.43, "alt_ft": 1400}}, {"type": "Feature", "geometry": {"type": "Point", "coordinates": [18.265907, 59.318724]}, "properties": {"sighting_id": 1132, "icao": "4a9755", "time": 1791033429.59, "alt_ft": 850}}, {"type": "Feature", "geometry": {"type": "Point", "coordinates": [17.80719, 59.585724]}, "properties": {"sighting_id": 1132, "icao": "4cafcf", "time": 1791033430.01, "alt_ft": 4675}}, {"type": "Feature", "geometry": {"type": "Point", "coordinates": [18.104711, 59.28637]}, "properties": {"sighting_id": 1132, "icao": "4ab56f", "time": 1791033430.09, "alt_ft": 9475}}, {"type": "Feature", "geometry": {"type": "Point", "coordinates": [18.086716, 59.201598]}, "properties": {"sighting_id": 1132, "icao": "4aad15", "time": 1791033430.49, "alt_ft": 625}}, {"type": "Feature", "geometry": {"type": "Point", "coordinates": [18.443078, 59.500724]}, "properties": {"sighting_id": 1132, "icao": "4a8e0c", "time": 1791033431.18, "alt_ft": 1300}}, {"type": "Feature", "geometry": {"type": "Point", "coordinates": [17.166046, 58.87207]}, "properties": {"sighting_id": 1132, "icao": "4caff8", "time": 1791033431.39, "alt_ft": 22400}}, {"type": "Feature", "geometry": {"type": "Point", "coordinates": [17.804292, 59.585002]}, "properties": {"sighting_id": 1132, "icao": "4cafcf", "time": 1791033431.7, "alt_ft": 4750}}, {"type": "Feature", "geometry": {"type": "Point", "coordinates": [18.480898, 59.840947]}, "properties": {"sighting_id": 1132, "icao": "4ab565", "time": 1791033432.3, "alt_ft": 6500}}, {"type": "Feature", "geometry": {"type": "Point", "coordinates": [18.085052, 59.20166]}, "properties": {"sighting_id": 1132, "icao": "4aad15", "time": 1791033432.56, "alt_ft": 625}}, {"type": "Feature", "geometry": {"type": "Point", "coordinates": [17.800873, 59.584167]}, "properties": {"sighting_id": 1132, "icao": "4cafcf", "time": 1791033433.55, "alt_ft": 4825}}, {"type": "Feature", "geometry": {"type": "Point", "coordinates": [17.991344, 59.737787]}, "properties": {"sighting_id": 1132, "icao": "4aca53", "time": 1791033433.6, "alt_ft": 1600}}, {"type": "Feature", "geometry": {"type": "Point", "coordinates": [18.083591, 59.201784]}, "properties": {"sighting_id": 1132, "icao": "4aad15", "time": 1791033434.34, "alt_ft": 600}}, {"type": "Feature", "geometry": {"type": "Point", "coordinates": [17.693939, 59.312576]}, "properties": {"sighting_id": 1132, "icao": "4aacaf", "time": 1791033434.7, "alt_ft": 625}}, {"type": "Feature", "geometry": {"type": "Point", "coordinates": [17.892695, 59.368567]}, "properties": {"sighting_id": 1132, "icao": "4ab315", "time": 1791033434.96, "alt_ft": 1100}}, {"type": "Feature", "geometry": {"type": "Point", "coordinates": [17.798126, 59.583481]}, "properties": {"sighting_id": 1132, "icao": "4cafcf", "time": 1791033435.05, "alt_ft": 4900}}, {"type": "Feature", "geometry": {"type": "Point", "coordinates": [18.474243, 59.840836]}, "properties": {"sighting_id": 1132, "icao": "4ab565", "time": 1791033435.36, "alt_ft": 6425}}, {"type": "Feature", "geometry": {"type": "Point", "coordinates": [18.445123, 59.497755]}, "properties": {"sighting_id": 1132, "icao": "4a8e0c", "time": 1791033436.18, "alt_ft": 1300}}, {"type": "Feature", "geometry": {"type": "Point", "coordinates": [18.081886, 59.20211]}, "properties": {"sighting_id": 1132, "icao": "4aad15", "time": 1791033436.49, "alt_ft": 575}}, {"type": "Feature", "geometry": {"type": "Point", "coordinates": [18.54538, 59.391769]}, "properties": {"sighting_id": 1132, "icao": "4aaa4a", "time": 1791033437.13, "alt_ft": 125}}, {"type": "Feature", "geometry": {"type": "Point", "coordinates": [17.794189, 59.582474]}, "properties": {"sighting_id": 1132, "icao": "4cafcf", "time": 1791033437.23, "alt_ft": 4975}}, {"type": "Feature", "geometry": {"type": "Point", "coordinates": [17.990112, 59.734342]}, "properties": {"sighting_id": 1132, "icao": "4aca53", "time": 1791033437.99, "alt_ft": 1525}}, {"type": "Feature", "geometry": {"type": "Point", "coordinates": [18.467733, 59.840714]}, "properties": {"sighting_id": 1132, "icao": "4ab565", "time": 1791033438.4, "alt_ft": 6350}}, {"type": "Feature", "geometry": {"type": "Point", "coordinates": [18.080475, 59.202484]}, "properties": {"sighting_id": 1132, "icao": "4aad15", "time": 1791033438.47, "alt_ft": 575}}, {"type": "Feature", "geometry": {"type": "Point", "coordinates": [18.26998, 59.314487]}, "properties": {"sighting_id": 1132, "icao": "4a9755", "time": 1791033438.77, "alt_ft": 850}}, {"type": "Feature", "geometry": {"type": "Point", "coordinates": [17.791351, 59.581741]}, "properties": {"sighting_id": 1132, "icao": "4cafcf", "time": 1791033438.8, "alt_ft": 5050}}, {"type": "Feature", "geometry": {"type": "Point", "coordinates": [18.106984, 59.277385]}, "properties": {"sighting_id": 1132, "icao": "4ab56f", "time": 1791033439.0, "alt_ft": 9650}}, {"type": "Feature", "geometry": {"type": "Point", "coordinates": [17.788605, 59.581055]}, "properties": {"sighting_id": 1132, "icao": "4cafcf", "time": 1791033440.33, "alt_ft": 5125}}, {"type": "Feature", "geometry": {"type": "Point", "coordinates": [17.88812, 59.368771]}, "properties": {"sighting_id": 1132, "icao": "4ab315", "time": 1791033440.5, "alt_ft": 1175}}, {"type": "Feature", "geometry": {"type": "Point", "coordinates": [18.079139, 59.203088]}, "properties": {"sighting_id": 1132, "icao": "4aad15", "time": 1791033440.51, "alt_ft": 550}}, {"type": "Feature", "geometry": {"type": "Point", "coordinates": [18.462158, 59.840652]}, "properties": {"sighting_id": 1132, "icao": "4ab565", "time": 1791033440.97, "alt_ft": 6275}}, {"type": "Feature", "geometry": {"type": "Point", "coordinates": [18.542267, 59.391174]}, "properties": {"sighting_id": 1132, "icao": "4aaa4a", "time": 1791033441.64, "alt_ft": 200}}, {"type": "Feature", "geometry": {"type": "Point", "coordinates": [17.785823, 59.580347]}, "properties": {"sighting_id": 1132, "icao": "4cafcf", "time": 1791033441.86, "alt_ft": 5200}}, {"type": "Feature", "geometry": {"type": "Point", "coordinates": [18.078382, 59.203553]}, "properties": {"sighting_id": 1132, "icao": "4aad15", "time": 1791033441.93, "alt_ft": 550}}, {"type": "Feature", "geometry": {"type": "Point", "coordinates": [17.988881, 59.730757]}, "properties": {"sighting_id": 1132, "icao": "4aca53", "time": 1791033442.58, "alt_ft": 1450}}, {"type": "Feature", "geometry": {"type": "Point", "coordinates": [18.44303, 59.49477]}, "properties": {"sighting_id": 1132, "icao": "4a8e0c", "time": 1791033442.99, "alt_ft": 1300}}, {"type": "Feature", "geometry": {"type": "Point", "coordinates": [17.155625, 58.852363]}, "properties": {"sighting_id": 1132, "icao": "4caff8", "time": 1791033443.0, "alt_ft": 22775}}, {"type": "Feature", "geometry": {"type": "Point", "coordinates": [17.78374, 59.579788]}, "properties": {"sighting_id": 1132, "icao": "4cafcf", "time": 1791033443.03, "alt_ft": 5275}}, {"type": "Feature", "geometry": {"type": "Point", "coordinates": [18.077719, 59.204112]}, "properties": {"sighting_id": 1132, "icao": "4aad15", "time": 1791033443.28, "alt_ft": 550}}, {"type": "Feature", "geometry": {"type": "Point", "coordinates": [18.272369, 59.312256]}, "properties": {"sighting_id": 1132, "icao": "4a9755", "time": 1791033443.87, "alt_ft": 850}}, {"type": "Feature", "geometry": {"type": "Point", "coordinates": [18.077529, 59.204252]}, "properties": {"sighting_id": 1132, "icao": "4aad15", "time": 1791033443.87, "alt_ft": 550}}, {"type": "Feature", "geometry": {"type": "Point", "coordinates": [18.454948, 59.840528]}, "properties": {"sighting_id": 1132, "icao": "4ab565", "time": 1791033444.33, "alt_ft": 6200}}, {"type": "Feature", "geometry": {"type": "Point", "coordinates": [17.781183, 59.579137]}, "properties": {"sighting_id": 1132, "icao": "4cafcf", "time": 1791033444.39, "alt_ft": 5350}}, {"type": "Feature", "geometry": {"type": "Point", "coordinates": [17.687073, 59.31601]}, "properties": {"sighting_id": 1132, "icao": "4aacaf", "time": 1791033445.45, "alt_ft": 550}}, {"type": "Feature", "geometry": {"type": "Point", "coordinates": [18.077056, 59.205043]}, "properties": {"sighting_id": 1132, "icao": "4aad15", "time": 1791033445.61, "alt_ft": 550}}, {"type": "Feature", "geometry": {"type": "Point", "coordinates": [17.778531, 59.578438]}, "properties": {"sighting_id": 1132, "icao": "4cafcf", "time": 1791033445.87, "alt_ft": 5425}}, {"type": "Feature", "geometry": {"type": "Point", "coordinates": [18.538482, 59.390461]}, "properties": {"sighting_id": 1132, "icao": "4aaa4a", "time": 1791033446.06, "alt_ft": 225}}, {"type": "Feature", "geometry": {"type": "Point", "coordinates": [17.686523, 59.31633]}, "properties": {"sighting_id": 1132, "icao": "4aacaf", "time": 1791033446.51, "alt_ft": 550}}, {"type": "Feature", "geometry": {"type": "Point", "coordinates": [18.076721, 59.205688]}, "properties": {"sighting_id": 1132, "icao": "4aad15", "time": 1791033446.98, "alt_ft": 575}}, {"type": "Feature", "geometry": {"type": "Point", "coordinates": [17.987555, 59.727173]}, "properties": {"sighting_id": 1132, "icao": "4aca53", "time": 1791033447.34, "alt_ft": 1375}}, {"type": "Feature", "geometry": {"type": "Point", "coordinates": [18.448425, 59.840469]}, "properties": {"sighting_id": 1132, "icao": "4ab565", "time": 1791033447.36, "alt_ft": 6125}}, {"type": "Feature", "geometry": {"type": "Point", "coordinates": [18.109131, 59.268906]}, "properties": {"sighting_id": 1132, "icao": "4ab56f", "time": 1791033447.39, "alt_ft": 9800}}, {"type": "Feature", "geometry": {"type": "Point", "coordinates": [17.775595, 59.577694]}, "properties": {"sighting_id": 1132, "icao": "4cafcf", "time": 1791033447.41, "alt_ft": 5500}}, {"type": "Feature", "geometry": {"type": "Point", "coordinates": [18.07663, 59.206467]}, "properties": {"sighting_id": 1132, "icao": "4aad15", "time": 1791033448.87, "alt_ft": 625}}, {"type": "Feature", "geometry": {"type": "Point", "coordinates": [17.772753, 59.576902]}, "properties": {"sighting_id": 1132, "icao": "4cafcf", "time": 1791033449.03, "alt_ft": 5600}}, {"type": "Feature", "geometry": {"type": "Point", "coordinates": [17.884972, 59.368672]}, "properties": {"sighting_id": 1132, "icao": "4ab315", "time": 1791033449.38, "alt_ft": 1175}}, {"type": "Feature", "geometry": {"type": "Point", "coordinates": [18.275574, 59.309692]}, "properties": {"sighting_id": 1132, "icao": "4a9755", "time": 1791033449.69, "alt_ft": 850}}, {"type": "Feature", "geometry": {"type": "Point", "coordinates": [18.442749, 59.840378]}, "properties": {"sighting_id": 1132, "icao": "4ab565", "time": 1791033449.94, "alt_ft": 6050}}, {"type": "Feature", "geometry": {"type": "Point", "coordinates": [17.684326, 59.317657]}, "properties": {"sighting_id": 1132, "icao": "4aacaf", "time": 1791033450.29, "alt_ft": 550}}, {"type": "Feature", "geometry": {"type": "Point", "coordinates": [17.769723, 59.576111]}, "properties": {"sighting_id": 1132, "icao": "4cafcf", "time": 1791033450.64, "alt_ft": 5700}}, {"type": "Feature", "geometry": {"type": "Point", "coordinates": [18.446937, 59.487434]}, "properties": {"sighting_id": 1132, "icao": "4a8e0c", "time": 1791033451.16, "alt_ft": 1300}}, {"type": "Feature", "geometry": {"type": "Point", "coordinates": [17.986419, 59.724147]}, "properties": {"sighting_id": 1132, "icao": "4aca53", "time": 1791033451.54, "alt_ft": 1300}}, {"type": "Feature", "geometry": {"type": "Point", "coordinates": [17.767365, 59.57547]}, "properties": {"sighting_id": 1132, "icao": "4cafcf", "time": 1791033452.11, "alt_ft": 5775}}, {"type": "Feature", "geometry": {"type": "Point", "coordinates": [18.076538, 59.208115]}, "properties": {"sighting_id": 1132, "icao": "4aad15", "time": 1791033452.9, "alt_ft": 675}}, {"type": "Feature", "geometry": {"type": "Point", "coordinates": [18.435532, 59.840295]}, "properties": {"sighting_id": 1132, "icao": "4ab565", "time": 1791033453.31, "alt_ft": 5975}}, {"type": "Feature", "geometry": {"type": "Point", "coordinates": [17.68259, 59.318817]}, "properties": {"sighting_id": 1132, "icao": "4aacaf", "time": 1791033453.32, "alt_ft": 550}}, {"type": "Feature", "geometry": {"type": "Point", "coordinates": [17.764526, 59.574692]}, "properties": {"sighting_id": 1132, "icao": "4cafcf", "time": 1791033453.59, "alt_ft": 5875}}, {"type": "Feature", "geometry": {"type": "Point", "coordinates": [18.532379, 59.389069]}, "properties": {"sighting_id": 1132, "icao": "4aaa4a", "time": 1791033454.0, "alt_ft": 175}}, {"type": "Feature", "geometry": {"type": "Point", "coordinates": [17.145405, 58.83284]}, "properties": {"sighting_id": 1132, "icao": "4caff8", "time": 1791033454.46, "alt_ft": 23125}}, {"type": "Feature", "geometry": {"type": "Point", "coordinates": [18.076203, 59.20886]}, "properties": {"sighting_id": 1132, "icao": "4aad15", "time": 1791033454.76, "alt_ft": 700}}, {"type": "Feature", "geometry": {"type": "Point", "coordinates": [17.885462, 59.368383]}, "properties": {"sighting_id": 1132, "icao": "4ab315", "time": 1791033454.9, "alt_ft": 1175}}, {"type": "Feature", "geometry": {"type": "Point", "coordinates": [17.761871, 59.573914]}, "properties": {"sighting_id": 1132, "icao": "4cafcf", "time": 1791033455.03, "alt_ft": 5950}}, {"type": "Feature", "geometry": {"type": "Point", "coordinates": [17.760062, 59.573364]}, "properties": {"sighting_id": 1132, "icao": "4cafcf", "time": 1791033456.08, "alt_ft": 6025}}, {"type": "Feature", "geometry": {"type": "Point", "coordinates": [18.429016, 59.84024]}, "properties": {"sighting_id": 1132, "icao": "4ab565", "time": 1791033456.45, "alt_ft": 5900}}, {"type": "Feature", "geometry": {"type": "Point", "coordinates": [17.68079, 59.319934]}, "properties": {"sighting_id": 1132, "icao": "4aacaf", "time": 1791033456.62, "alt_ft": 550}}, {"type": "Feature", "geometry": {"type": "Point", "coordinates": [18.111603, 59.259476]}, "properties": {"sighting_id": 1132, "icao": "4ab56f", "time": 1791033456.64, "alt_ft": 9950}}, {"type": "Feature", "geometry": {"type": "Point", "coordinates": [18.07573, 59.209605]}, "properties": {"sighting_id": 1132, "icao": "4aad15", "time": 1791033456.78, "alt_ft": 725}}, {"type": "Feature", "geometry": {"type": "Point", "coordinates": [17.984894, 59.720123]}, "properties": {"sighting_id": 1132, "icao": "4aca53", "time": 1791033456.89, "alt_ft": 1225}}, {"type": "Feature", "geometry": {"type": "Point", "coordinates": [17.758168, 59.572759]}, "properties": {"sighting_id": 1132, "icao": "4cafcf", "time": 1791033457.18, "alt_ft": 6100}}, {"type": "Feature", "geometry": {"type": "Point", "coordinates": [17.756274, 59.572154]}, "properties": {"sighting_id": 1132, "icao": "4cafcf", "time": 1791033458.28, "alt_ft": 6175}}, {"type": "Feature", "geometry": {"type": "Point", "coordinates": [18.074982, 59.210312]}, "properties": {"sighting_id": 1132, "icao": "4aad15", "time": 1791033458.83, "alt_ft": 750}}, {"type": "Feature", "geometry": {"type": "Point", "coordinates": [18.422178, 59.840155]}, "properties": {"sighting_id": 1132, "icao": "4ab565", "time": 1791033459.63, "alt_ft": 5825}}, {"type": "Feature", "geometry": {"type": "Point", "coordinates": [18.280966, 59.305503]}, "properties": {"sighting_id": 1132, "icao": "4a9755", "time": 1791033459.64, "alt_ft": 775}}, {"type": "Feature", "geometry": {"type": "Point", "coordinates": [18.336416, 59.465326]}, "properties": {"sighting_id": 1132, "icao": "4a8e0c", "time": 1791033459.72, "alt_ft": 1300}}, {"type": "Feature", "geometry": {"type": "Point", "coordinates": [17.753448, 59.571167]}, "properties": {"sighting_id": 1132, "icao": "4cafcf", "time": 1791033459.95, "alt_ft": 6275}}, {"type": "Feature", "geometry": {"type": "Point", "coordinates": [18.074249, 59.210815]}, "properties": {"sighting_id": 1132, "icao": "4aad15", "time": 1791033460.42, "alt_ft": 775}}, {"type": "Feature", "geometry": {"type": "Point", "coordinates": [17.750977, 59.570206]}, "properties": {"sighting_id": 1132, "icao": "4cafcf", "time": 1791033461.47, "alt_ft": 6375}}, {"type": "Feature", "geometry": {"type": "Point", "coordinates": [17.678101, 59.32164]}, "properties": {"sighting_id": 1132, "icao": "4aacaf", "time": 1791033461.49, "alt_ft": 575}}, {"type": "Feature", "geometry": {"type": "Point", "coordinates": [18.526264, 59.387528]}, "properties": {"sighting_id": 1132, "icao": "4aaa4a", "time": 1791033461.67, "alt_ft": 175}}, {"type": "Feature", "geometry": {"type": "Point", "coordinates": [18.073425, 59.211227]}, "properties": {"sighting_id": 1132, "icao": "4aad15", "time": 1791033462.05, "alt_ft": 775}}, {"type": "Feature", "geometry": {"type": "Point", "coordinates": [18.416401, 59.840109]}, "properties": {"sighting_id": 1132, "icao": "4ab565", "time": 1791033462.25, "alt_ft": 5750}}, {"type": "Feature", "geometry": {"type": "Point", "coordinates": [17.983483, 59.716187]}, "properties": {"sighting_id": 1132, "icao": "4aca53", "time": 1791033462.29, "alt_ft": 1150}}, {"type": "Feature", "geometry": {"type": "Point", "coordinates": [17.748697, 59.569268]}, "properties": {"sighting_id": 1132, "icao": "4cafcf", "time": 1791033462.88, "alt_ft": 6450}}, {"type": "Feature", "geometry": {"type": "Point", "coordinates": [18.07251, 59.211594]}, "properties": {"sighting_id": 1132, "icao": "4aad15", "time": 1791033463.59, "alt_ft": 775}}, {"type": "Feature", "geometry": {"type": "Point", "coordinates": [17.746329, 59.568244]}, "properties": {"sighting_id": 1132, "icao": "4cafcf", "time": 1791033464.43, "alt_ft": 6525}}, {"type": "Feature", "geometry": {"type": "Point", "coordinates": [17.881798, 59.367783]}, "properties": {"sighting_id": 1132, "icao": "4ab315", "time": 1791033464.82, "alt_ft": 1225}}, {"type": "Feature", "geometry": {"type": "Point", "coordinates": [18.283722, 59.303101]}, "properties": {"sighting_id": 1132, "icao": "4a9755", "time": 1791033464.92, "alt_ft": 750}}, {"type": "Feature", "geometry": {"type": "Point", "coordinates": [18.071752, 59.211793]}, "properties": {"sighting_id": 1132, "icao": "4aad15", "time": 1791033465.08, "alt_ft": 775}}, {"type": "Feature", "geometry": {"type": "Point", "coordinates": [18.409973, 59.840057]}, "properties": {"sighting_id": 1132, "icao": "4ab565", "time": 1791033465.19, "alt_ft": 5675}}, {"type": "Feature", "geometry": {"type": "Point", "coordinates": [17.135482, 58.814026]}, "properties": {"sighting_id": 1132, "icao": "4caff8", "time": 1791033465.4, "alt_ft": 23500}}, {"type": "Feature", "geometry": {"type": "Point", "coordinates": [18.523233, 59.38669]}, "properties": {"sighting_id": 1132, "icao": "4aaa4a", "time": 1791033465.74, "alt_ft": 175}}, {"type": "Feature", "geometry": {"type": "Point", "coordinates": [17.744151, 59.567219]}, "properties": {"sighting_id": 1132, "icao": "4cafcf", "time": 1791033465.87, "alt_ft": 6600}}, {"type": "Feature", "geometry": {"type": "Point", "coordinates": [17.742645, 59.566498]}, "properties": {"sighting_id": 1132, "icao": "4cafcf", "time": 1791033466.89, "alt_ft": 6675}}, {"type": "Feature", "geometry": {"type": "Point", "coordinates": [18.070312, 59.212051]}, "properties": {"sighting_id": 1132, "icao": "4aad15", "time": 1791033466.99, "alt_ft": 775}}, {"type": "Feature", "geometry": {"type": "Point", "coordinates": [18.114349, 59.24881]}, "properties": {"sighting_id": 1132, "icao": "4ab56f", "time": 1791033467.05, "alt_ft": 10100}}, {"type": "Feature", "geometry": {"type": "Point", "coordinates": [17.982251, 59.712695]}, "properties": {"sighting_id": 1132, "icao": "4aca53", "time": 1791033467.26, "alt_ft": 1075}}, {"type": "Feature", "geometry": {"type": "Point", "coordinates": [18.404205, 59.839966]}, "properties": {"sighting_id": 1132, "icao": "4ab565", "time": 1791033467.87, "alt_ft": 5600}}, {"type": "Feature", "geometry": {"type": "Point", "coordinates": [17.7397, 59.564985]}, "properties": {"sighting_id": 1132, "icao": "4cafcf", "time": 1791033468.85, "alt_ft": 6775}}, {"type": "Feature", "geometry": {"type": "Point", "coordinates": [18.520866, 59.385898]}, "properties": {"sighting_id": 1132, "icao": "4aaa4a", "time": 1791033468.98, "alt_ft": 200}}, {"type": "Feature", "geometry": {"type": "Point", "coordinates": [18.285645, 59.301086]}, "properties": {"sighting_id": 1132, "icao": "4a9755", "time": 1791033469.46, "alt_ft": 750}}, {"type": "Feature", "geometry": {"type": "Point", "coordinates": [17.673706, 59.324387]}, "properties": {"sighting_id": 1132, "icao": "4aacaf", "time": 1791033469.71, "alt_ft": 575}}, {"type": "Feature", "geometry": {"type": "Point", "coordinates": [18.398501, 59.839922]}, "properties": {"sighting_id": 1132, "icao": "4ab565", "time": 1791033470.51, "alt_ft": 5525}}, {"type": "Feature", "geometry": {"type": "Point", "coordinates": [17.737048, 59.563449]}, "properties": {"sighting_id": 1132, "icao": "4cafcf", "time": 1791033470.84, "alt_ft": 6850}}, {"type": "Feature", "geometry": {"type": "Point", "coordinates": [17.734955, 59.562149]}, "properties": {"sighting_id": 1132, "icao": "4cafcf", "time": 1791033472.4, "alt_ft": 6950}}, {"type": "Feature", "geometry": {"type": "Point", "coordinates": [18.518403, 59.384921]}, "properties": {"sighting_id": 1132, "icao": "4aaa4a", "time": 1791033472.6, "alt_ft": 200}}, {"type": "Feature", "geometry": {"type": "Point", "coordinates": [18.390912, 59.479788]}, "properties": {"sighting_id": 1132, "icao": "4a8e0c", "time": 1791033473.01, "alt_ft": 1300}}, {"type": "Feature", "geometry": {"type": "Point", "coordinates": [18.392761, 59.839874]}, "properties": {"sighting_id": 1132, "icao": "4ab565", "time": 1791033473.11, "alt_ft": 5450}}, {"type": "Feature", "geometry": {"type": "Point", "coordinates": [17.873867, 59.367408]}, "properties": {"sighting_id": 1132, "icao": "4ab315", "time": 1791033473.79, "alt_ft": 1200}}, {"type": "Feature", "geometry": {"type": "Point", "coordinates": [17.980408, 59.70813]}, "properties": {"sighting_id": 1132, "icao": "4aca53", "time": 1791033473.96, "alt_ft": 1000}}, {"type": "Feature", "geometry": {"type": "Point", "coordinates": [18.287384, 59.298935]}, "properties": {"sighting_id": 1132, "icao": "4a9755", "time": 1791033474.21, "alt_ft": 775}}, {"type": "Feature", "geometry": {"type": "Point", "coordinates": [18.415398, 59.488384]}, "properties": {"sighting_id": 1132, "icao": "4a8e0c", "time": 1791033476.18, "alt_ft": 1200}}, {"type": "Feature", "geometry": {"type": "Point", "coordinates": [18.063796, 59.21319]}, "properties": {"sighting_id": 1132, "icao": "4aad15", "time": 1791033476.34, "alt_ft": 775}}, {"type": "Feature", "geometry": {"type": "Point", "coordinates": [17.729945, 59.5587]}, "properties": {"sighting_id": 1132, "icao": "4cafcf", "time": 1791033476.34, "alt_ft": 7150}}, {"type": "Feature", "geometry": {"type": "Point", "coordinates": [18.385904, 59.839783]}, "properties": {"sighting_id": 1132, "icao": "4ab565", "time": 1791033476.35, "alt_ft": 5375}}, {"type": "Feature", "geometry": {"type": "Point", "coordinates": [17.669993, 59.326591]}, "properties": {"sighting_id": 1132, "icao": "4aacaf", "time": 1791033476.5, "alt_ft": 550}}, {"type": "Feature", "geometry": {"type": "Point", "coordinates": [18.116834, 59.2387]}, "properties": {"sighting_id": 1132, "icao": "4ab56f", "time": 1791033476.76, "alt_ft": 10250}}, {"type": "Feature", "geometry": {"type": "Point", "coordinates": [18.288391, 59.297516]}, "properties": {"sighting_id": 1132, "icao": "4a9755", "time": 1791033477.36, "alt_ft": 775}}, {"type": "Feature", "geometry": {"type": "Point", "coordinates": [17.728271, 59.557388]}, "properties": {"sighting_id": 1132, "icao": "4cafcf", "time": 1791033477.76, "alt_ft": 7225}}, {"type": "Feature", "geometry": {"type": "Point", "coordinates": [18.379653, 59.839736]}, "properties": {"sighting_id": 1132, "icao": "4ab565", "time": 1791033479.21, "alt_ft": 5300}}, {"type": "Feature", "geometry": {"type": "Point", "coordinates": [17.979031, 59.704362]}, "properties": {"sighting_id": 1132, "icao": "4aca53", "time": 1791033479.69, "alt_ft": 925}}, {"type": "Feature", "geometry": {"type": "Point", "coordinates": [17.726062, 59.555535]}, "properties": {"sighting_id": 1132, "icao": "4cafcf", "time": 1791033479.75, "alt_ft": 7300}}, {"type": "Feature", "geometry": {"type": "Point", "coordinates": [18.289032, 59.295959]}, "properties": {"sighting_id": 1132, "icao": "4a9755", "time": 1791033480.5, "alt_ft": 800}}, {"type": "Feature", "geometry": {"type": "Point", "coordinates": [18.060425, 59.213654]}, "properties": {"sighting_id": 1132, "icao": "4aad15", "time": 1791033480.89, "alt_ft": 725}}, {"type": "Feature", "geometry": {"type": "Point", "coordinates": [17.724426, 59.554047]}, "properties": {"sighting_id": 1132, "icao": "4cafcf", "time": 1791033481.31, "alt_ft": 7375}}, {"type": "Feature", "geometry": {"type": "Point", "coordinates": [17.978652, 59.703105]}, "properties": {"sighting_id": 1132, "icao": "4aca53", "time": 1791033481.57, "alt_ft": 900}}, {"type": "Feature", "geometry": {"type": "Point", "coordinates": [17.66684, 59.328415]}, "properties": {"sighting_id": 1132, "icao": "4aacaf", "time": 1791033482.05, "alt_ft": 550}}, {"type": "Feature", "geometry": {"type": "Point", "coordinates": [18.413825, 59.487917]}, "properties": {"sighting_id": 1132, "icao": "4a8e0c", "time": 1791033482.29, "alt_ft": 1200}}, {"type": "Feature", "geometry": {"type": "Point", "coordinates": [18.372803, 59.839645]}, "properties": {"sighting_id": 1132, "icao": "4ab565", "time": 1791033482.4, "alt_ft": 5225}}, {"type": "Feature", "geometry": {"type": "Point", "coordinates": [17.72322, 59.552928]}, "properties": {"sighting_id": 1132, "icao": "4cafcf", "time": 1791033482.43, "alt_ft": 7400}}, {"type": "Feature", "geometry": {"type": "Point", "coordinates": [17.865986, 59.367354]}, "properties": {"sighting_id": 1132, "icao": "4ab315", "time": 1791033482.92, "alt_ft": 1225}}, {"type": "Feature", "geometry": {"type": "Point", "coordinates": [18.058114, 59.213888]}, "properties": {"sighting_id": 1132, "icao": "4aad15", "time": 1791033483.79, "alt_ft": 725}}, {"type": "Feature", "geometry": {"type": "Point", "coordinates": [17.721516, 59.551205]}, "properties": {"sighting_id": 1132, "icao": "4cafcf", "time": 1791033484.15, "alt_ft": 7450}}, {"type": "Feature", "geometry": {"type": "Point", "coordinates": [18.510132, 59.381378]}, "properties": {"sighting_id": 1132, "icao": "4aaa4a", "time": 1791033484.69, "alt_ft": 200}}, {"type": "Feature", "geometry": {"type": "Point", "coordinates": [18.11911, 59.229996]}, "properties": {"sighting_id": 1132, "icao": "4ab56f", "time": 1791033485.25, "alt_ft": 10400}}, {"type": "Feature", "geometry": {"type": "Point", "coordinates": [17.6651, 59.329651]}, "properties": {"sighting_id": 1132, "icao": "4aacaf", "time": 1791033485.49, "alt_ft": 550}}, {"type": "Feature", "geometry": {"type": "Point", "coordinates": [18.365936, 59.8396]}, "properties": {"sighting_id": 1132, "icao": "4ab565", "time": 1791033485.59, "alt_ft": 5150}}, {"type": "Feature", "geometry": {"type": "Point", "coordinates": [17.719905, 59.549483]}, "properties": {"sighting_id": 1132, "icao": "4cafcf", "time": 1791033485.84, "alt_ft": 7500}}, {"type": "Feature", "geometry": {"type": "Point", "coordinates": [17.863534, 59.367156]}, "properties": {"sighting_id": 1132, "icao": "4ab315", "time": 1791033485.86, "alt_ft": 1200}}, {"type": "Feature", "geometry": {"type": "Point", "coordinates": [17.977295, 59.699432]}, "properties": {"sighting_id": 1132, "icao": "4aca53", "time": 1791033487.23, "alt_ft": 825}}, {"type": "Feature", "geometry": {"type": "Point", "coordinates": [18.290131, 59.292938]}, "properties": {"sighting_id": 1132, "icao": "4a9755", "time": 1791033487.41, "alt_ft": 800}}, {"type": "Feature", "geometry": {"type": "Point", "coordinates": [17.861781, 59.367416]}, "properties": {"sighting_id": 1132, "icao": "4ab315", "time": 1791033488.06, "alt_ft": 1225}}, {"type": "Feature", "geometry": {"type": "Point", "coordinates": [17.717632, 59.547109]}, "properties": {"sighting_id": 1132, "icao": "4cafcf", "time": 1791033488.13, "alt_ft": 7550}}, {"type": "Feature", "geometry": {"type": "Point", "coordinates": [18.05461, 59.214074]}, "properties": {"sighting_id": 1132, "icao": "4aad15", "time": 1791033488.18, "alt_ft": 700}}, {"type": "Feature", "geometry": {"type": "Point", "coordinates": [18.359711, 59.839554]}, "properties": {"sighting_id": 1132, "icao": "4ab565", "time": 1791033488.45, "alt_ft": 5075}}, {"type": "Feature", "geometry": {"type": "Point", "coordinates": [17.663544, 59.33107]}, "properties": {"sighting_id": 1132, "icao": "4aacaf", "time": 1791033489.09, "alt_ft": 550}}, {"type": "Feature", "geometry": {"type": "Point", "coordinates": [18.053852, 59.214167]}, "properties": {"sighting_id": 1132, "icao": "4aad15", "time": 1791033489.2, "alt_ft": 725}}, {"type": "Feature", "geometry": {"type": "Point", "coordinates": [17.916595, 59.646378]}, "properties": {"sighting_id": 1132, "icao": "440549", "time": 1791033490.2, "alt_ft": 100}}, {"type": "Feature", "geometry": {"type": "Point", "coordinates": [17.715454, 59.544874]}, "properties": {"sighting_id": 1132, "icao": "4cafcf", "time": 1791033490.27, "alt_ft": 7600}}, {"type": "Feature", "geometry": {"type": "Point", "coordinates": [18.29091, 59.291584]}, "properties": {"sighting_id": 1132, "icao": "4a9755", "time": 1791033490.4, "alt_ft": 800}}, {"type": "Feature", "geometry": {"type": "Point", "coordinates": [18.414368, 59.490653]}, "properties": {"sighting_id": 1132, "icao": "4a8e0c", "time": 1791033491.33, "alt_ft": 1200}}, {"type": "Feature", "geometry": {"type": "Point", "coordinates": [18.052094, 59.214478]}, "properties": {"sighting_id": 1132, "icao": "4aad15", "time": 1791033491.51, "alt_ft": 725}}, {"type": "Feature", "geometry": {"type": "Point", "coordinates": [17.916239, 59.645334]}, "properties": {"sighting_id": 1132, "icao": "440549", "time": 1791033491.69, "alt_ft": 175}}, {"type": "Feature", "geometry": {"type": "Point", "coordinates": [18.351746, 59.839462]}, "properties": {"sighting_id": 1132, "icao": "4ab565", "time": 1791033492.12, "alt_ft": 5000}}, {"type": "Feature", "geometry": {"type": "Point", "coordinates": [18.291668, 59.290699]}, "properties": {"sighting_id": 1132, "icao": "4a9755", "time": 1791033492.32, "alt_ft": 800}}, {"type": "Feature", "geometry": {"type": "Point", "coordinates": [17.975922, 59.695724]}, "properties": {"sighting_id": 1132, "icao": "4aca53", "time": 1791033492.87, "alt_ft": 750}}, {"type": "Feature", "geometry": {"type": "Point", "coordinates": [17.661943, 59.332689]}, "properties": {"sighting_id": 1132, "icao": "4aacaf", "time": 1791033493.02, "alt_ft": 525}}, {"type": "Feature", "geometry": {"type": "Point", "coordinates": [17.712524, 59.541733]}, "properties": {"sighting_id": 1132, "icao": "4cafcf", "time": 1791033493.19, "alt_ft": 7650}}, {"type": "Feature", "geometry": {"type": "Point", "coordinates": [17.915765, 59.644124]}, "properties": {"sighting_id": 1132, "icao": "440549", "time": 1791033493.5, "alt_ft": 250}}, {"type": "Feature", "geometry": {"type": "Point", "coordinates": [18.049988, 59.214935]}, "properties": {"sighting_id": 1132, "icao": "4aad15", "time": 1791033494.22, "alt_ft": 725}}, {"type": "Feature", "geometry": {"type": "Point", "coordinates": [17.711334, 59.540497]}, "properties": {"sighting_id": 1132, "icao": "4cafcf", "time": 1791033494.32, "alt_ft": 7675}}, {"type": "Feature", "geometry": {"type": "Point", "coordinates": [18.121674, 59.220062]}, "properties": {"sighting_id": 1132, "icao": "4ab56f", "time": 1791033494.86, "alt_ft": 10550}}, {"type": "Feature", "geometry": {"type": "Point", "coordinates": [18.292899, 59.289582]}, "properties": {"sighting_id": 1132, "icao": "4a9755", "time": 1791033494.96, "alt_ft": 775}}, {"type": "Feature", "geometry": {"type": "Point", "coordinates": [18.345612, 59.839371]}, "properties": {"sighting_id": 1132, "icao": "4ab565", "time": 1791033495.07, "alt_ft": 4925}}, {"type": "Feature", "geometry": {"type": "Point", "coordinates": [17.710327, 59.539444]}, "properties": {"sighting_id": 1132, "icao": "4cafcf", "time": 1791033495.33, "alt_ft": 7700}}, {"type": "Feature", "geometry": {"type": "Point", "coordinates": [17.855137, 59.368235]}, "properties": {"sighting_id": 1132, "icao": "4ab315", "time": 1791033495.37, "alt_ft": 1175}}, {"type": "Feature", "geometry": {"type": "Point", "coordinates": [17.915386, 59.642727]}, "properties": {"sighting_id": 1132, "icao": "440549", "time": 1791033495.38, "alt_ft": 325}}, {"type": "Feature", "geometry": {"type": "Point", "coordinates": [17.709412, 59.538437]}, "properties": {"sighting_id": 1132, "icao": "4cafcf", "time": 1791033496.18, "alt_ft": 7725}}, {"type": "Feature", "geometry": {"type": "Point", "coordinates": [17.915007, 59.641656]}, "properties": {"sighting_id": 1132, "icao": "440549", "time": 1791033497.08, "alt_ft": 400}}, {"type": "Feature", "geometry": {"type": "Point", "coordinates": [17.708256, 59.53724]}, "properties": {"sighting_id": 1132, "icao": "4cafcf", "time": 1791033497.31, "alt_ft": 7775}}, {"type": "Feature", "geometry": {"type": "Point", "coordinates": [18.500314, 59.37724]}, "properties": {"sighting_id": 1132, "icao": "4aaa4a", "time": 1791033498.09, "alt_ft": 175}}, {"type": "Feature", "geometry": {"type": "Point", "coordinates": [18.338562, 59.839279]}, "properties": {"sighting_id": 1132, "icao": "4ab565", "time": 1791033498.4, "alt_ft": 4850}}, {"type": "Feature", "geometry": {"type": "Point", "coordinates": [17.914629, 59.640586]}, "properties": {"sighting_id": 1132, "icao": "440549", "time": 1791033498.44, "alt_ft": 475}}, {"type": "Feature", "geometry": {"type": "Point", "coordinates": [17.706665, 59.535645]}, "properties": {"sighting_id": 1132, "icao": "4cafcf", "time": 1791033498.73, "alt_ft": 7825}}, {"type": "Feature", "geometry": {"type": "Point", "coordinates": [18.294983, 59.288046]}, "properties": {"sighting_id": 1132, "icao": "4a9755", "time": 1791033498.76, "alt_ft": 775}}, {"type": "Feature", "geometry": {"type": "Point", "coordinates": [17.97458, 59.691747]}, "properties": {"sighting_id": 1132, "icao": "4aca53", "time": 1791033498.92, "alt_ft": 675}}, {"type": "Feature", "geometry": {"type": "Point", "coordinates": [18.046417, 59.215759]}, "properties": {"sighting_id": 1132, "icao": "4aad15", "time": 1791033499.14, "alt_ft": 700}}, {"type": "Feature", "geometry": {"type": "Point", "coordinates": [18.295807, 59.287628]}, "properties": {"sighting_id": 1132, "icao": "4a9755", "time": 1791033499.86, "alt_ft": 775}}, {"type": "Feature", "geometry": {"type": "Point", "coordinates": [17.914307, 59.639648]}, "properties": {"sighting_id": 1132, "icao": "440549", "time": 1791033499.94, "alt_ft": 550}}, {"type": "Feature", "geometry": {"type": "Point", "coordinates": [18.374488, 59.488223]}, "properties": {"sighting_id": 1132, "icao": "4a8e0c", "time": 1791033501.27, "alt_ft": 1200}}, {"type": "Feature", "geometry": {"type": "Point", "coordinates": [18.297363, 59.287125]}, "properties": {"sighting_id": 1132, "icao": "4a9755", "time": 1791033501.77, "alt_ft": 775}}, {"type": "Feature", "geometry": {"type": "Point", "coordinates": [17.913871, 59.638351]}, "properties": {"sighting_id": 1132, "icao": "440549", "time": 1791033501.8, "alt_ft": 625}}, {"type": "Feature", "geometry": {"type": "Point", "coordinates": [18.330973, 59.839178]}, "properties": {"sighting_id": 1132, "icao": "4ab565", "time": 1791033501.93, "alt_ft": 4775}}, {"type": "Feature", "geometry": {"type": "Point", "coordinates": [17.702454, 59.531158]}, "properties": {"sighting_id": 1132, "icao": "4cafcf", "time": 1791033502.81, "alt_ft": 8025}}, {"type": "Feature", "geometry": {"type": "Point", "coordinates": [17.913492, 59.637141]}, "properties": {"sighting_id": 1132, "icao": "440549", "time": 1791033503.59, "alt_ft": 700}}, {"type": "Feature", "geometry": {"type": "Point", "coordinates": [18.299434, 59.286602]}, "properties": {"sighting_id": 1132, "icao": "4a9755", "time": 1791033503.94, "alt_ft": 775}}, {"type": "Feature", "geometry": {"type": "Point", "coordinates": [17.846878, 59.368299]}, "properties": {"sighting_id": 1132, "icao": "4ab315", "time": 1791033504.26, "alt_ft": 1150}}, {"type": "Feature", "geometry": {"type": "Point", "coordinates": [18.124146, 59.210358]}, "properties": {"sighting_id": 1132, "icao": "4ab56f", "time": 1791033504.27, "alt_ft": 10700}}, {"type": "Feature", "geometry": {"type": "Point", "coordinates": [17.973267, 59.688126]}, "properties": {"sighting_id": 1132, "icao": "4aca53", "time": 1791033504.6, "alt_ft": 600}}, {"type": "Feature", "geometry": {"type": "Point", "coordinates": [17.913208, 59.636256]}, "properties": {"sighting_id": 1132, "icao": "440549", "time": 1791033504.8, "alt_ft": 775}}, {"type": "Feature", "geometry": {"type": "Point", "coordinates": [18.324371, 59.839096]}, "properties": {"sighting_id": 1132, "icao": "4ab565", "time": 1791033505.11, "alt_ft": 4700}}, {"type": "Feature", "geometry": {"type": "Point", "coordinates": [18.494568, 59.374741]}, "properties": {"sighting_id": 1132, "icao": "4aaa4a", "time": 1791033505.96, "alt_ft": 200}}, {"type": "Feature", "geometry": {"type": "Point", "coordinates": [18.425682, 59.495805]}, "properties": {"sighting_id": 1132, "icao": "4a8e0c", "time": 1791033506.01, "alt_ft": 1200}}, {"type": "Feature", "geometry": {"type": "Point", "coordinates": [17.912924, 59.635279]}, "properties": {"sighting_id": 1132, "icao": "440549", "time": 1791033506.28, "alt_ft": 850}}, {"type": "Feature", "geometry": {"type": "Point", "coordinates": [18.040466, 59.216949]}, "properties": {"sighting_id": 1132, "icao": "4aad15", "time": 1791033506.59, "alt_ft": 700}}, {"type": "Feature", "geometry": {"type": "Point", "coordinates": [17.698151, 59.526627]}, "properties": {"sighting_id": 1132, "icao": "4cafcf", "time": 1791033506.88, "alt_ft": 8225}}, {"type": "Feature", "geometry": {"type": "Point", "coordinates": [17.656311, 59.338852]}, "properties": {"sighting_id": 1132, "icao": "4aacaf", "time": 1791033507.54, "alt_ft": 500}}, {"type": "Feature", "geometry": {"type": "Point", "coordinates": [18.303131, 59.285889]}, "properties": {"sighting_id": 1132, "icao": "4a9755", "time": 1791033507.66, "alt_ft": 750}}, {"type": "Feature", "geometry": {"type": "Point", "coordinates": [18.318187, 59.839038]}, "properties": {"sighting_id": 1132, "icao": "4ab565", "time": 1791033508.0, "alt_ft": 4625}}, {"type": "Feature", "geometry": {"type": "Point", "coordinates": [17.912476, 59.633972]}, "properties": {"sighting_id": 1132, "icao": "440549", "time": 1791033508.1, "alt_ft": 925}}, {"type": "Feature", "geometry": {"type": "Point", "coordinates": [18.037994, 59.217407]}, "properties": {"sighting_id": 1132, "icao": "4aad15", "time": 1791033509.59, "alt_ft": 700}}, {"type": "Feature", "geometry": {"type": "Point", "coordinates": [17.912166, 59.632951]}, "properties": {"sighting_id": 1132, "icao": "440549", "time": 1791033509.66, "alt_ft": 1025}}, {"type": "Feature", "geometry": {"type": "Point", "coordinates": [17.655313, 59.340184]}, "properties": {"sighting_id": 1132, "icao": "4aacaf", "time": 1791033510.71, "alt_ft": 500}}, {"type": "Feature", "geometry": {"type": "Point", "coordinates": [18.490906, 59.372955]}, "properties": {"sighting_id": 1132, "icao": "4aaa4a", "time": 1791033511.09, "alt_ft": 200}}, {"type": "Feature", "geometry": {"type": "Point", "coordinates": [18.306348, 59.285159]}, "properties": {"sighting_id": 1132, "icao": "4a9755", "time": 1791033511.14, "alt_ft": 750}}, {"type": "Feature", "geometry": {"type": "Point", "coordinates": [17.693576, 59.521877]}, "properties": {"sighting_id": 1132, "icao": "4cafcf", "time": 1791033511.14, "alt_ft": 8425}}, {"type": "Feature", "geometry": {"type": "Point", "coordinates": [17.911743, 59.631958]}, "properties": {"sighting_id": 1132, "icao": "440549", "time": 1791033511.22, "alt_ft": 1100}}, {"type": "Feature", "geometry": {"type": "Point", "coordinates": [18.311096, 59.838913]}, "properties": {"sighting_id": 1132, "icao": "4ab565", "time": 1791033511.36, "alt_ft": 4550}}, {"type": "Feature", "geometry": {"type": "Point", "coordinates": [17.971739, 59.683972]}, "properties": {"sighting_id": 1132, "icao": "4aca53", "time": 1791033511.37, "alt_ft": 525}}, {"type": "Feature", "geometry": {"type": "Point", "coordinates": [18.430234, 59.499322]}, "properties": {"sighting_id": 1132, "icao": "4a8e0c", "time": 1791033512.68, "alt_ft": 1200}}, {"type": "Feature", "geometry": {"type": "Point", "coordinates": [17.65484, 59.341115]}, "properties": {"sighting_id": 1132, "icao": "4aacaf", "time": 1791033512.7, "alt_ft": 475}}, {"type": "Feature", "geometry": {"type": "Point", "coordinates": [17.83938, 59.368138]}, "properties": {"sighting_id": 1132, "icao": "4ab315", "time": 1791033513.01, "alt_ft": 1175}}, {"type": "Feature", "geometry": {"type": "Point", "coordinates": [17.911285, 59.630585]}, "properties": {"sighting_id": 1132, "icao": "440549", "time": 1791033513.22, "alt_ft": 1175}}, {"type": "Feature", "geometry": {"type": "Point", "coordinates": [17.911194, 59.630219]}, "properties": {"sighting_id": 1132, "icao": "440549", "time": 1791033513.66, "alt_ft": 1175}}, {"type": "Feature", "geometry": {"type": "Point", "coordinates": [18.126684, 59.200481]}, "properties": {"sighting_id": 1132, "icao": "4ab56f", "time": 1791033513.84, "alt_ft": 10850}}, {"type": "Feature", "geometry": {"type": "Point", "coordinates": [18.304596, 59.838821]}, "properties": {"sighting_id": 1132, "icao": "4ab565", "time": 1791033514.45, "alt_ft": 4475}}, {"type": "Feature", "geometry": {"type": "Point", "coordinates": [18.309663, 59.284275]}, "properties": {"sighting_id": 1132, "icao": "4a9755", "time": 1791033514.76, "alt_ft": 775}}, {"type": "Feature", "geometry": {"type": "Point", "coordinates": [18.488434, 59.371719]}, "properties": {"sighting_id": 1132, "icao": "4aaa4a", "time": 1791033514.78, "alt_ft": 175}}, {"type": "Feature", "geometry": {"type": "Point", "coordinates": [17.910828, 59.629257]}, "properties": {"sighting_id": 1132, "icao": "440549", "time": 1791033515.09, "alt_ft": 1225}}, {"type": "Feature", "geometry": {"type": "Point", "coordinates": [17.654461, 59.342372]}, "properties": {"sighting_id": 1132, "icao": "4aacaf", "time": 1791033515.15, "alt_ft": 450}}, {"type": "Feature", "geometry": {"type": "Point", "coordinates": [17.688841, 59.516943]}, "properties": {"sighting_id": 1132, "icao": "4cafcf", "time": 1791033515.58, "alt_ft": 8625}}, {"type": "Feature", "geometry": {"type": "Point", "coordinates": [18.032318, 59.218369]}, "properties": {"sighting_id": 1132, "icao": "4aad15", "time": 1791033516.58, "alt_ft": 700}}, {"type": "Feature", "geometry": {"type": "Point", "coordinates": [17.970223, 59.680155]}, "properties": {"sighting_id": 1132, "icao": "4aca53", "time": 1791033517.16, "alt_ft": 450}}, {"type": "Feature", "geometry": {"type": "Point", "coordinates": [18.31192, 59.283554]}, "properties": {"sighting_id": 1132, "icao": "4a9755", "time": 1791033517.42, "alt_ft": 775}}, {"type": "Feature", "geometry": {"type": "Point", "coordinates": [18.298096, 59.83873]}, "properties": {"sighting_id": 1132, "icao": "4ab565", "time": 1791033517.56, "alt_ft": 4400}}, {"type": "Feature", "geometry": {"type": "Point", "coordinates": [18.486603, 59.370712]}, "properties": {"sighting_id": 1132, "icao": "4aaa4a", "time": 1791033517.56, "alt_ft": 175}}, {"type": "Feature", "geometry": {"type": "Point", "coordinates": [17.910187, 59.62738]}, "properties": {"sighting_id": 1132, "icao": "440549", "time": 1791033517.69, "alt_ft": 1300}}, {"type": "Feature", "geometry": {"type": "Point", "coordinates": [17.835513, 59.367862]}, "properties": {"sighting_id": 1132, "icao": "4ab315", "time": 1791033517.71, "alt_ft": 1200}}, {"type": "Feature", "geometry": {"type": "Point", "coordinates": [17.654297, 59.34375]}, "properties": {"sighting_id": 1132, "icao": "4aacaf", "time": 1791033518.12, "alt_ft": 450}}, {"type": "Feature", "geometry": {"type": "Point", "coordinates": [17.685608, 59.513672]}, "properties": {"sighting_id": 1132, "icao": "4cafcf", "time": 1791033518.46, "alt_ft": 8775}}, {"type": "Feature", "geometry": {"type": "Point", "coordinates": [18.430725, 59.502215]}, "properties": {"sighting_id": 1132, "icao": "4a8e0c", "time": 1791033519.03, "alt_ft": 1200}}, {"type": "Feature", "geometry": {"type": "Point", "coordinates": [18.313925, 59.282739]}, "properties": {"sighting_id": 1132, "icao": "4a9755", "time": 1791033520.12, "alt_ft": 775}}, {"type": "Feature", "geometry": {"type": "Point", "coordinates": [18.29187, 59.838684]}, "properties": {"sighting_id": 1132, "icao": "4ab565", "time": 1791033520.55, "alt_ft": 4325}}, {"type": "Feature", "geometry": {"type": "Point", "coordinates": [17.909363, 59.625137]}, "properties": {"sighting_id": 1132, "icao": "440549", "time": 1791033520.83, "alt_ft": 1375}}, {"type": "Feature", "geometry": {"type": "Point", "coordinates": [18.028754, 59.218822]}, "properties": {"sighting_id": 1132, "icao": "4aad15", "time": 1791033520.93, "alt_ft": 725}}, {"type": "Feature", "geometry": {"type": "Point", "coordinates": [17.68158, 59.509506]}, "properties": {"sighting_id": 1132, "icao": "4cafcf", "time": 1791033522.12, "alt_ft": 8975}}, {"type": "Feature", "geometry": {"type": "Point", "coordinates": [17.654556, 59.345631]}, "properties": {"sighting_id": 1132, "icao": "4aacaf", "time": 1791033522.16, "alt_ft": 425}}, {"type": "Feature", "geometry": {"type": "Point", "coordinates": [17.968992, 59.676664]}, "properties": {"sighting_id": 1132, "icao": "4aca53", "time": 1791033522.58, "alt_ft": 375}}, {"type": "Feature", "geometry": {"type": "Point", "coordinates": [18.315765, 59.281815]}, "properties": {"sighting_id": 1132, "icao": "4a9755", "time": 1791033522.64, "alt_ft": 775}}, {"type": "Feature", "geometry": {"type": "Point", "coordinates": [17.908757, 59.623501]}, "properties": {"sighting_id": 1132, "icao": "440549", "time": 1791033522.99, "alt_ft": 1450}}, {"type": "Feature", "geometry": {"type": "Point", "coordinates": [18.027144, 59.219009]}, "properties": {"sighting_id": 1132, "icao": "4aad15", "time": 1791033523.11, "alt_ft": 725}}, {"type": "Feature", "geometry": {"type": "Point", "coordinates": [18.129241, 59.190612]}, "properties": {"sighting_id": 1132, "icao": "4ab56f", "time": 1791033523.3, "alt_ft": 11000}}, {"type": "Feature", "geometry": {"type": "Point", "coordinates": [18.284363, 59.838593]}, "properties": {"sighting_id": 1132, "icao": "4ab565", "time": 1791033524.14, "alt_ft": 4250}}, {"type": "Feature", "geometry": {"type": "Point", "coordinates": [18.316498, 59.281174]}, "properties": {"sighting_id": 1132, "icao": "4a9755", "time": 1791033524.22, "alt_ft": 775}}, {"type": "Feature", "geometry": {"type": "Point", "coordinates": [17.654935, 59.346841]}, "properties": {"sighting_id": 1132, "icao": "4aacaf", "time": 1791033524.71, "alt_ft": 425}}, {"type": "Feature", "geometry": {"type": "Point", "coordinates": [18.025439, 59.219148]}, "properties": {"sighting_id": 1132, "icao": "4aad15", "time": 1791033525.04, "alt_ft": 700}}, {"type": "Feature", "geometry": {"type": "Point", "coordinates": [17.908081, 59.621704]}, "properties": {"sighting_id": 1132, "icao": "440549", "time": 1791033525.39, "alt_ft": 1525}}, {"type": "Feature", "geometry": {"type": "Point", "coordinates": [17.677665, 59.505398]}, "properties": {"sighting_id": 1132, "icao": "4cafcf", "time": 1791033525.7, "alt_ft": 9175}}, {"type": "Feature", "geometry": {"type": "Point", "coordinates": [18.31705, 59.280551]}, "properties": {"sighting_id": 1132, "icao": "4a9755", "time": 1791033525.83, "alt_ft": 775}}, {"type": "Feature", "geometry": {"type": "Point", "coordinates": [17.827765, 59.367882]}, "properties": {"sighting_id": 1132, "icao": "4ab315", "time": 1791033526.8, "alt_ft": 1225}}, {"type": "Feature", "geometry": {"type": "Point", "coordinates": [17.655692, 59.347958]}, "properties": {"sighting_id": 1132, "icao": "4aacaf", "time": 1791033526.94, "alt_ft": 425}}, {"type": "Feature", "geometry": {"type": "Point", "coordinates": [18.317429, 59.279852]}, "properties": {"sighting_id": 1132, "icao": "4a9755", "time": 1791033527.14, "alt_ft": 775}}, {"type": "Feature", "geometry": {"type": "Point", "coordinates": [18.278137, 59.838501]}, "properties": {"sighting_id": 1132, "icao": "4ab565", "time": 1791033527.3, "alt_ft": 4175}}, {"type": "Feature", "geometry": {"type": "Point", "coordinates": [17.907532, 59.620193]}, "properties": {"sighting_id": 1132, "icao": "440549", "time": 1791033527.41, "alt_ft": 1600}}, {"type": "Feature", "geometry": {"type": "Point", "coordinates": [18.437622, 59.499359]}, "properties": {"sighting_id": 1132, "icao": "4a8e0c", "time": 1791033527.51, "alt_ft": 1200}}, {"type": "Feature", "geometry": {"type": "Point", "coordinates": [18.317505, 59.279388]}, "properties": {"sighting_id": 1132, "icao": "4a9755", "time": 1791033528.18, "alt_ft": 750}}, {"type": "Feature", "geometry": {"type": "Point", "coordinates": [17.656166, 59.348564]}, "properties": {"sighting_id": 1132, "icao": "4aacaf", "time": 1791033528.38, "alt_ft": 425}}, {"type": "Feature", "geometry": {"type": "Point", "coordinates": [17.967682, 59.672791]}, "properties": {"sighting_id": 1132, "icao": "4aca53", "time": 1791033528.39, "alt_ft": 300}}, {"type": "Feature", "geometry": {"type": "Point", "coordinates": [17.907241, 59.619358]}, "properties": {"sighting_id": 1132, "icao": "440549", "time": 1791033528.5, "alt_ft": 1625}}, {"type": "Feature", "geometry": {"type": "Point", "coordinates": [18.022219, 59.219521]}, "properties": {"sighting_id": 1132, "icao": "4aad15", "time": 1791033528.8, "alt_ft": 700}}, {"type": "Feature", "geometry": {"type": "Point", "coordinates": [18.479477, 59.366626]}, "properties": {"sighting_id": 1132, "icao": "4aaa4a", "time": 1791033528.89, "alt_ft": 175}}, {"type": "Feature", "geometry": {"type": "Point", "coordinates": [17.673308, 59.500929]}, "properties": {"sighting_id": 1132, "icao": "4cafcf", "time": 1791033529.65, "alt_ft": 9375}}, {"type": "Feature", "geometry": {"type": "Point", "coordinates": [18.021057, 59.21965]}, "properties": {"sighting_id": 1132, "icao": "4aad15", "time": 1791033530.35, "alt_ft": 725}}, {"type": "Feature", "geometry": {"type": "Point", "coordinates": [17.657043, 59.34938]}, "properties": {"sighting_id": 1132, "icao": "4aacaf", "time": 1791033530.41, "alt_ft": 425}}, {"type": "Feature", "geometry": {"type": "Point", "coordinates": [18.271305, 59.838386]}, "properties": {"sighting_id": 1132, "icao": "4ab565", "time": 1791033530.49, "alt_ft": 4100}}, {"type": "Feature", "geometry": {"type": "Point", "coordinates": [17.906525, 59.617493]}, "properties": {"sighting_id": 1132, "icao": "440549", "time": 1791033530.95, "alt_ft": 1700}}, {"type": "Feature", "geometry": {"type": "Point", "coordinates": [18.31723, 59.277924]}, "properties": {"sighting_id": 1132, "icao": "4a9755", "time": 1791033531.32, "alt_ft": 725}}, {"type": "Feature", "geometry": {"type": "Point", "coordinates": [18.317047, 59.277557]}, "properties": {"sighting_id": 1132, "icao": "4a9755", "time": 1791033532.34, "alt_ft": 725}}, {"type": "Feature", "geometry": {"type": "Point", "coordinates": [17.658249, 59.350193]}, "properties": {"sighting_id": 1132, "icao": "4aacaf", "time": 1791033532.54, "alt_ft": 425}}, {"type": "Feature", "geometry": {"type": "Point", "coordinates": [18.442491, 59.49469]}, "properties": {"sighting_id": 1132, "icao": "4a8e0c", "time": 1791033532.61, "alt_ft": 1100}}, {"type": "Feature", "geometry": {"type": "Point", "coordinates": [17.669141, 59.496739]}, "properties": {"sighting_id": 1132, "icao": "4cafcf", "time": 1791033533.32, "alt_ft": 9575}}, {"type": "Feature", "geometry": {"type": "Point", "coordinates": [18.265045, 59.838318]}, "properties": {"sighting_id": 1132, "icao": "4ab565", "time": 1791033533.57, "alt_ft": 4025}}, {"type": "Feature", "geometry": {"type": "Point", "coordinates": [18.018311, 59.220016]}, "properties": {"sighting_id": 1132, "icao": "4aad15", "time": 1791033533.62, "alt_ft": 750}}, {"type": "Feature", "geometry": {"type": "Point", "coordinates": [18.132019, 59.179733]}, "properties": {"sighting_id": 1132, "icao": "4ab56f", "time": 1791033533.76, "alt_ft": 11125}}, {"type": "Feature", "geometry": {"type": "Point", "coordinates": [17.905701, 59.614929]}, "properties": {"sighting_id": 1132, "icao": "440549", "time": 1791033534.11, "alt_ft": 1775}}, {"type": "Feature", "geometry": {"type": "Point", "coordinates": [18.316482, 59.27664]}, "properties": {"sighting_id": 1132, "icao": "4a9755", "time": 1791033534.38, "alt_ft": 700}}, {"type": "Feature", "geometry": {"type": "Point", "coordinates": [18.475689, 59.364438]}, "properties": {"sighting_id": 1132, "icao": "4aaa4a", "time": 1791033535.17, "alt_ft": 175}}, {"type": "Feature", "geometry": {"type": "Point", "coordinates": [17.659973, 59.351166]}, "properties": {"sighting_id": 1132, "icao": "4aacaf", "time": 1791033535.22, "alt_ft": 400}}, {"type": "Feature", "geometry": {"type": "Point", "coordinates": [17.965759, 59.667343]}, "properties": {"sighting_id": 1132, "icao": "4aca53", "time": 1791033536.62, "alt_ft": 225}}, {"type": "Feature", "geometry": {"type": "Point", "coordinates": [18.258728, 59.838272]}, "properties": {"sighting_id": 1132, "icao": "4ab565", "time": 1791033536.65, "alt_ft": 3950}}, {"type": "Feature", "geometry": {"type": "Point", "coordinates": [17.820203, 59.368094]}, "properties": {"sighting_id": 1132, "icao": "4ab315", "time": 1791033536.73, "alt_ft": 1200}}, {"type": "Feature", "geometry": {"type": "Point", "coordinates": [18.016022, 59.220428]}, "properties": {"sighting_id": 1132, "icao": "4aad15", "time": 1791033536.74, "alt_ft": 800}}, {"type": "Feature", "geometry": {"type": "Point", "coordinates": [17.904968, 59.612457]}, "properties": {"sighting_id": 1132, "icao": "440549", "time": 1791033537.17, "alt_ft": 1850}}, {"type": "Feature", "geometry": {"type": "Point", "coordinates": [17.664974, 59.492456]}, "properties": {"sighting_id": 1132, "icao": "4cafcf", "time": 1791033537.17, "alt_ft": 9775}}, {"type": "Feature", "geometry": {"type": "Point", "coordinates": [18.31544, 59.275476]}, "properties": {"sighting_id": 1132, "icao": "4a9755", "time": 1791033537.22, "alt_ft": 700}}, {"type": "Feature", "geometry": {"type": "Point", "coordinates": [17.662322, 59.352241]}, "properties": {"sighting_id": 1132, "icao": "4aacaf", "time": 1791033538.41, "alt_ft": 400}}, {"type": "Feature", "geometry": {"type": "Point", "coordinates": [18.013884, 59.220917]}, "properties": {"sighting_id": 1132, "icao": "4aad15", "time": 1791033539.64, "alt_ft": 825}}, {"type": "Feature", "geometry": {"type": "Point", "coordinates": [18.252686, 59.838181]}, "properties": {"sighting_id": 1132, "icao": "4ab565", "time": 1791033539.65, "alt_ft": 3875}}, {"type": "Feature", "geometry": {"type": "Point", "coordinates": [17.9044, 59.610141]}, "properties": {"sighting_id": 1132, "icao": "440549", "time": 1791033539.99, "alt_ft": 1925}}, {"type": "Feature", "geometry": {"type": "Point", "coordinates": [17.664121, 59.352939]}, "properties": {"sighting_id": 1132, "icao": "4aacaf", "time": 1791033540.74, "alt_ft": 375}}, {"type": "Feature", "geometry": {"type": "Point", "coordinates": [17.660712, 59.488081]}, "properties": {"sighting_id": 1132, "icao": "4cafcf", "time": 1791033540.94, "alt_ft": 9975}}, {"type": "Feature", "geometry": {"type": "Point", "coordinates": [17.964386, 59.663452]}, "properties": {"sighting_id": 1132, "icao": "4aca53", "time": 1791033542.52, "alt_ft": 150}}, {"type": "Feature", "geometry": {"type": "Point", "coordinates": [17.665826, 59.353451]}, "properties": {"sighting_id": 1132, "icao": "4aacaf", "time": 1791033542.82, "alt_ft": 375}}, {"type": "Feature", "geometry": {"type": "Point", "coordinates": [18.13445, 59.169943]}, "properties": {"sighting_id": 1132, "icao": "4ab56f", "time": 1791033543.09, "alt_ft": 11275}}, {"type": "Feature", "geometry": {"type": "Point", "coordinates": [18.313262, 59.273056]}, "properties": {"sighting_id": 1132, "icao": "4a9755", "time": 1791033543.2, "alt_ft": 725}}, {"type": "Feature", "geometry": {"type": "Point", "coordinates": [18.24527, 59.838089]}, "properties": {"sighting_id": 1132, "icao": "4ab565", "time": 1791033543.32, "alt_ft": 3800}}, {"type": "Feature", "geometry": {"type": "Point", "coordinates": [17.903687, 59.60701]}, "properties": {"sighting_id": 1132, "icao": "440549", "time": 1791033543.49, "alt_ft": 2000}}, {"type": "Feature", "geometry": {"type": "Point", "coordinates": [17.667531, 59.35387]}, "properties": {"sighting_id": 1132, "icao": "4aacaf", "time": 1791033544.86, "alt_ft": 375}}, {"type": "Feature", "geometry": {"type": "Point", "coordinates": [17.656219, 59.483505]}, "properties": {"sighting_id": 1132, "icao": "4cafcf", "time": 1791033544.88, "alt_ft": 10175}}, {"type": "Feature", "geometry": {"type": "Point", "coordinates": [17.811213, 59.369891]}, "properties": {"sighting_id": 1132, "icao": "4ab315", "time": 1791033545.27, "alt_ft": 1200}}, {"type": "Feature", "geometry": {"type": "Point", "coordinates": [17.963562, 59.661346]}, "properties": {"sighting_id": 1132, "icao": "4aca53", "time": 1791033545.71, "alt_ft": 100}}, {"type": "Feature", "geometry": {"type": "Point", "coordinates": [18.421391, 59.485782]}, "properties": {"sighting_id": 1132, "icao": "4a8e0c", "time": 1791033546.21, "alt_ft": 1100}}, {"type": "Feature", "geometry": {"type": "Point", "coordinates": [17.903229, 59.60463]}, "properties": {"sighting_id": 1132, "icao": "440549", "time": 1791033546.24, "alt_ft": 2075}}, {"type": "Feature", "geometry": {"type": "Point", "coordinates": [18.237579, 59.837997]}, "properties": {"sighting_id": 1132, "icao": "4ab565", "time": 1791033547.31, "alt_ft": 3725}}, {"type": "Feature", "geometry": {"type": "Point", "coordinates": [17.669709, 59.354243]}, "properties": {"sighting_id": 1132, "icao": "4aacaf", "time": 1791033547.39, "alt_ft": 350}}, {"type": "Feature", "geometry": {"type": "Point", "coordinates": [17.65323, 59.480446]}, "properties": {"sighting_id": 1132, "icao": "4cafcf", "time": 1791033547.53, "alt_ft": 10325}}, {"type": "Feature", "geometry": {"type": "Point", "coordinates": [17.902885, 59.60232]}, "properties": {"sighting_id": 1132, "icao": "440549", "time": 1791033548.81, "alt_ft": 2150}}, {"type": "Feature", "geometry": {"type": "Point", "coordinates": [17.65162, 59.478724]}, "properties": {"sighting_id": 1132, "icao": "4cafcf", "time": 1791033549.0, "alt_ft": 10400}}, {"type": "Feature", "geometry": {"type": "Point", "coordinates": [17.807479, 59.369786]}, "properties": {"sighting_id": 1132, "icao": "4ab315", "time": 1791033549.71, "alt_ft": 1200}}, {"type": "Feature", "geometry": {"type": "Point", "coordinates": [17.672241, 59.354507]}, "properties": {"sighting_id": 1132, "icao": "4aacaf", "time": 1791033550.07, "alt_ft": 350}}, {"type": "Feature", "geometry": {"type": "Point", "coordinates": [18.005739, 59.222686]}, "properties": {"sighting_id": 1132, "icao": "4aad15", "time": 1791033550.32, "alt_ft": 875}}, {"type": "Feature", "geometry": {"type": "Point", "coordinates": [17.902588, 59.600876]}, "properties": {"sighting_id": 1132, "icao": "440549", "time": 1791033550.45, "alt_ft": 2200}}, {"type": "Feature", "geometry": {"type": "Point", "coordinates": [17.649994, 59.477051]}, "properties": {"sighting_id": 1132, "icao": "4cafcf", "time": 1791033550.49, "alt_ft": 10450}}, {"type": "Feature", "geometry": {"type": "Point", "coordinates": [18.230675, 59.837921]}, "properties": {"sighting_id": 1132, "icao": "4ab565", "time": 1791033550.87, "alt_ft": 3650}}, {"type": "Feature", "geometry": {"type": "Point", "coordinates": [17.648804, 59.475815]}, "properties": {"sighting_id": 1132, "icao": "4cafcf", "time": 1791033551.5, "alt_ft": 10500}}, {"type": "Feature", "geometry": {"type": "Point", "coordinates": [18.310705, 59.269751]}, "properties": {"sighting_id": 1132, "icao": "4a9755", "time": 1791033551.71, "alt_ft": 700}}, {"type": "Feature", "geometry": {"type": "Point", "coordinates": [17.902316, 59.599154]}, "properties": {"sighting_id": 1132, "icao": "440549", "time": 1791033552.27, "alt_ft": 2275}}, {"type": "Feature", "geometry": {"type": "Point", "coordinates": [17.67453, 59.354645]}, "properties": {"sighting_id": 1132, "icao": "4aacaf", "time": 1791033552.45, "alt_ft": 325}}, {"type": "Feature", "geometry": {"type": "Point", "coordinates": [17.647614, 59.474579]}, "properties": {"sighting_id": 1132, "icao": "4cafcf", "time": 1791033552.59, "alt_ft": 10550}}, {"type": "Feature", "geometry": {"type": "Point", "coordinates": [18.46463, 59.357849]}, "properties": {"sighting_id": 1132, "icao": "4aaa4a", "time": 1791033552.73, "alt_ft": 125}}, {"type": "Feature", "geometry": {"type": "Point", "coordinates": [18.137238, 59.15918]}, "properties": {"sighting_id": 1132, "icao": "4ab56f", "time": 1791033553.34, "alt_ft": 11400}}, {"type": "Feature", "geometry": {"type": "Point", "coordinates": [17.675581, 59.354662]}, "properties": {"sighting_id": 1132, "icao": "4aacaf", "time": 1791033553.47, "alt_ft": 325}}, {"type": "Feature", "geometry": {"type": "Point", "coordinates": [18.46404, 59.357455]}, "properties": {"sighting_id": 1132, "icao": "4aaa4a", "time": 1791033553.63, "alt_ft": 125}}, {"type": "Feature", "geometry": {"type": "Point", "coordinates": [18.224854, 59.83786]}, "properties": {"sighting_id": 1132, "icao": "4ab565", "time": 1791033553.9, "alt_ft": 3575}}, {"type": "Feature", "geometry": {"type": "Point", "coordinates": [17.902127, 59.597665]}, "properties": {"sighting_id": 1132, "icao": "440549", "time": 1791033553.9, "alt_ft": 2300}}, {"type": "Feature", "geometry": {"type": "Point", "coordinates": [17.645842, 59.472765]}, "properties": {"sighting_id": 1132, "icao": "4cafcf", "time": 1791033554.07, "alt_ft": 10575}}, {"type": "Feature", "geometry": {"type": "Point", "coordinates": [18.310089, 59.268631]}, "properties": {"sighting_id": 1132, "icao": "4a9755", "time": 1791033554.3, "alt_ft": 700}}, {"type": "Feature", "geometry": {"type": "Point", "coordinates": [18.44992, 59.477432]}, "properties": {"sighting_id": 1132, "icao": "4a8e0c", "time": 1791033554.4, "alt_ft": 1100}}, {"type": "Feature", "geometry": {"type": "Point", "coordinates": [18.002563, 59.223495]}, "properties": {"sighting_id": 1132, "icao": "4aad15", "time": 1791033554.42, "alt_ft": 875}}, {"type": "Feature", "geometry": {"type": "Point", "coordinates": [17.902039, 59.59671]}, "properties": {"sighting_id": 1132, "icao": "440549", "time": 1791033554.88, "alt_ft": 2325}}, {"type": "Feature", "geometry": {"type": "Point", "coordinates": [17.644232, 59.471136]}, "properties": {"sighting_id": 1132, "icao": "4cafcf", "time": 1791033555.48, "alt_ft": 10625}}, {"type": "Feature", "geometry": {"type": "Point", "coordinates": [18.001572, 59.223757]}, "properties": {"sighting_id": 1132, "icao": "4aad15", "time": 1791033555.77, "alt_ft": 900}}, {"type": "Feature", "geometry": {"type": "Point", "coordinates": [17.643127, 59.46991]}, "properties": {"sighting_id": 1132, "icao": "4cafcf", "time": 1791033556.49, "alt_ft": 10650}}, {"type": "Feature", "geometry": {"type": "Point", "coordinates": [18.219086, 59.837769]}, "properties": {"sighting_id": 1132, "icao": "4ab565", "time": 1791033556.88, "alt_ft": 3500}}, {"type": "Feature", "geometry": {"type": "Point", "coordinates": [18.309631, 59.267212]}, "properties": {"sighting_id": 1132, "icao": "4a9755", "time": 1791033557.44, "alt_ft": 700}}, {"type": "Feature", "geometry": {"type": "Point", "coordinates": [17.901653, 59.593987]}, "properties": {"sighting_id": 1132, "icao": "440549", "time": 1791033557.75, "alt_ft": 2400}}, {"type": "Feature", "geometry": {"type": "Point", "coordinates": [17.641388, 59.46817]}, "properties": {"sighting_id": 1132, "icao": "4cafcf", "time": 1791033557.93, "alt_ft": 10675}}, {"type": "Feature", "geometry": {"type": "Point", "coordinates": [18.309568, 59.266399]}, "properties": {"sighting_id": 1132, "icao": "4a9755", "time": 1791033559.26, "alt_ft": 700}}, {"type": "Feature", "geometry": {"type": "Point", "coordinates": [17.681359, 59.354755]}, "properties": {"sighting_id": 1132, "icao": "4aacaf", "time": 1791033559.39, "alt_ft": 325}}, {"type": "Feature", "geometry": {"type": "Point", "coordinates": [17.901464, 59.592358]}, "properties": {"sighting_id": 1132, "icao": "440549", "time": 1791033559.5, "alt_ft": 2425}}, {"type": "Feature", "geometry": {"type": "Point", "coordinates": [17.799201, 59.369608]}, "properties": {"sighting_id": 1132, "icao": "4ab315", "time": 1791033559.64, "alt_ft": 1175}}, {"type": "Feature", "geometry": {"type": "Point", "coordinates": [18.213867, 59.837677]}, "properties": {"sighting_id": 1132, "icao": "4ab565", "time": 1791033559.66, "alt_ft": 3425}}, {"type": "Feature", "geometry": {"type": "Point", "coordinates": [17.68222, 59.354782]}, "properties": {"sighting_id": 1132, "icao": "4aacaf", "time": 1791033560.28, "alt_ft": 300}}, {"type": "Feature", "geometry": {"type": "Point", "coordinates": [17.901306, 59.5914]}, "properties": {"sighting_id": 1132, "icao": "440549", "time": 1791033560.46, "alt_ft": 2450}}, {"type": "Feature", "geometry": {"type": "Point", "coordinates": [18.45902, 59.354941]}, "properties": {"sighting_id": 1132, "icao": "4aaa4a", "time": 1791033560.98, "alt_ft": 125}}, {"type": "Feature", "geometry": {"type": "Point", "coordinates": [17.683063, 59.354755]}, "properties": {"sighting_id": 1132, "icao": "4aacaf", "time": 1791033561.29, "alt_ft": 325}}, {"type": "Feature", "geometry": {"type": "Point", "coordinates": [17.637268, 59.463959]}, "properties": {"sighting_id": 1132, "icao": "4cafcf", "time": 1791033561.42, "alt_ft": 10725}}, {"type": "Feature", "geometry": {"type": "Point", "coordinates": [18.309814, 59.265198]}, "properties": {"sighting_id": 1132, "icao": "4a9755", "time": 1791033561.76, "alt_ft": 700}}, {"type": "Feature", "geometry": {"type": "Point", "coordinates": [17.901085, 59.589797]}, "properties": {"sighting_id": 1132, "icao": "440549", "time": 1791033562.04, "alt_ft": 2525}}, {"type": "Feature", "geometry": {"type": "Point", "coordinates": [18.422985, 59.488746]}, "properties": {"sighting_id": 1132, "icao": "4a8e0c", "time": 1791033562.55, "alt_ft": 1100}}, {"type": "Feature", "geometry": {"type": "Point", "coordinates": [18.207275, 59.837585]}, "properties": {"sighting_id": 1132, "icao": "4ab565", "time": 1791033563.15, "alt_ft": 3350}}, {"type": "Feature", "geometry": {"type": "Point", "coordinates": [18.139893, 59.148697]}, "properties": {"sighting_id": 1132, "icao": "4ab56f", "time": 1791033563.26, "alt_ft": 11550}}, {"type": "Feature", "geometry": {"type": "Point", "coordinates": [17.90094, 59.588287]}, "properties": {"sighting_id": 1132, "icao": "440549", "time": 1791033563.6, "alt_ft": 2600}}, {"type": "Feature", "geometry": {"type": "Point", "coordinates": [18.45639, 59.353958]}, "properties": {"sighting_id": 1132, "icao": "4aaa4a", "time": 1791033564.34, "alt_ft": 100}}, {"type": "Feature", "geometry": {"type": "Point", "coordinates": [17.686094, 59.354708]}, "properties": {"sighting_id": 1132, "icao": "4aacaf", "time": 1791033564.38, "alt_ft": 300}}, {"type": "Feature", "geometry": {"type": "Point", "coordinates": [18.310136, 59.264025]}, "properties": {"sighting_id": 1132, "icao": "4a9755", "time": 1791033564.46, "alt_ft": 700}}, {"type": "Feature", "geometry": {"type": "Point", "coordinates": [17.900848, 59.587326]}, "properties": {"sighting_id": 1132, "icao": "440549", "time": 1791033564.53, "alt_ft": 2650}}, {"type": "Feature", "geometry": {"type": "Point", "coordinates": [17.994374, 59.225852]}, "properties": {"sighting_id": 1132, "icao": "4aad15", "time": 1791033565.21, "alt_ft": 925}}, {"type": "Feature", "geometry": {"type": "Point", "coordinates": [17.631775, 59.458694]}, "properties": {"sighting_id": 1132, "icao": "4cafcf", "time": 1791033565.72, "alt_ft": 10775}}, {"type": "Feature", "geometry": {"type": "Point", "coordinates": [17.900801, 59.58584]}, "properties": {"sighting_id": 1132, "icao": "440549", "time": 1791033566.09, "alt_ft": 2725}}, {"type": "Feature", "geometry": {"type": "Point", "coordinates": [18.426595, 59.482897]}, "properties": {"sighting_id": 1132, "icao": "4a8e0c", "time": 1791033566.35, "alt_ft": 1100}}, {"type": "Feature", "geometry": {"type": "Point", "coordinates": [18.200592, 59.837494]}, "properties": {"sighting_id": 1132, "icao": "4ab565", "time": 1791033566.79, "alt_ft": 3275}}, {"type": "Feature", "geometry": {"type": "Point", "coordinates": [18.45419, 59.353265]}, "properties": {"sighting_id": 1132, "icao": "4aaa4a", "time": 1791033566.88, "alt_ft": 100}}, {"type": "Feature", "geometry": {"type": "Point", "coordinates": [17.900757, 59.584259]}, "properties": {"sighting_id": 1132, "icao": "440549", "time": 1791033567.69, "alt_ft": 2800}}, {"type": "Feature", "geometry": {"type": "Point", "coordinates": [17.689453, 59.354462]}, "properties": {"sighting_id": 1132, "icao": "4aacaf", "time": 1791033568.27, "alt_ft": 300}}, {"type": "Feature", "geometry": {"type": "Point", "coordinates": [18.452911, 59.352951]}, "properties": {"sighting_id": 1132, "icao": "4aaa4a", "time": 1791033568.38, "alt_ft": 75}}, {"type": "Feature", "geometry": {"type": "Point", "coordinates": [17.789739, 59.370524]}, "properties": {"sighting_id": 1132, "icao": "4ab315", "time": 1791033568.75, "alt_ft": 1175}}, {"type": "Feature", "geometry": {"type": "Point", "coordinates": [17.90099, 59.582302]}, "properties": {"sighting_id": 1132, "icao": "440549", "time": 1791033569.6, "alt_ft": 2875}}, {"type": "Feature", "geometry": {"type": "Point", "coordinates": [18.194022, 59.837455]}, "properties": {"sighting_id": 1132, "icao": "4ab565", "time": 1791033570.35, "alt_ft": 3200}}, {"type": "Feature", "geometry": {"type": "Point", "coordinates": [17.625092, 59.453156]}, "properties": {"sighting_id": 1132, "icao": "4cafcf", "time": 1791033570.38, "alt_ft": 10850}}, {"type": "Feature", "geometry": {"type": "Point", "coordinates": [17.691303, 59.354243]}, "properties": {"sighting_id": 1132, "icao": "4aacaf", "time": 1791033570.41, "alt_ft": 325}}, {"type": "Feature", "geometry": {"type": "Point", "coordinates": [18.311273, 59.261138]}, "properties": {"sighting_id": 1132, "icao": "4a9755", "time": 1791033570.72, "alt_ft": 700}}, {"type": "Feature", "geometry": {"type": "Point", "coordinates": [17.901306, 59.580826]}, "properties": {"sighting_id": 1132, "icao": "440549", "time": 1791033571.02, "alt_ft": 2950}}, {"type": "Feature", "geometry": {"type": "Point", "coordinates": [17.692657, 59.354004]}, "properties": {"sighting_id": 1132, "icao": "4aacaf", "time": 1791033571.67, "alt_ft": 325}}, {"type": "Feature", "geometry": {"type": "Point", "coordinates": [18.449739, 59.352334]}, "properties": {"sighting_id": 1132, "icao": "4aaa4a", "time": 1791033571.88, "alt_ft": 50}}, {"type": "Feature", "geometry": {"type": "Point", "coordinates": [17.901843, 59.579369]}, "properties": {"sighting_id": 1132, "icao": "440549", "time": 1791033572.49, "alt_ft": 3025}}, {"type": "Feature", "geometry": {"type": "Point", "coordinates": [18.448792, 59.352173]}, "properties": {"sighting_id": 1132, "icao": "4aaa4a", "time": 1791033572.8, "alt_ft": 50}}, {"type": "Feature", "geometry": {"type": "Point", "coordinates": [18.312031, 59.260021]}, "properties": {"sighting_id": 1132, "icao": "4a9755", "time": 1791033573.16, "alt_ft": 700}}, {"type": "Feature", "geometry": {"type": "Point", "coordinates": [18.142639, 59.137939]}, "properties": {"sighting_id": 1132, "icao": "4ab56f", "time": 1791033573.46, "alt_ft": 11700}}, {"type": "Feature", "geometry": {"type": "Point", "coordinates": [17.902313, 59.578308]}, "properties": {"sighting_id": 1132, "icao": "440549", "time": 1791033573.56, "alt_ft": 3100}}, {"type": "Feature", "geometry": {"type": "Point", "coordinates": [17.987176, 59.22776]}, "properties": {"sighting_id": 1132, "icao": "4aad15", "time": 1791033574.31, "alt_ft": 925}}, {"type": "Feature", "geometry": {"type": "Point", "coordinates": [18.447087, 59.352008]}, "properties": {"sighting_id": 1132, "icao": "4aaa4a", "time": 1791033574.47, "alt_ft": 50}}, {"type": "Feature", "geometry": {"type": "Point", "coordinates": [18.186067, 59.837455]}, "properties": {"sighting_id": 1132, "icao": "4ab565", "time": 1791033574.75, "alt_ft": 3125}}, {"type": "Feature", "geometry": {"type": "Point", "coordinates": [17.695281, 59.353405]}, "properties": {"sighting_id": 1132, "icao": "4aacaf", "time": 1791033575.08, "alt_ft": 325}}, {"type": "Feature", "geometry": {"type": "Point", "coordinates": [17.903229, 59.576614]}, "properties": {"sighting_id": 1132, "icao": "440549", "time": 1791033575.2, "alt_ft": 3175}}, {"type": "Feature", "geometry": {"type": "Point", "coordinates": [18.445312, 59.351944]}, "properties": {"sighting_id": 1132, "icao": "4aaa4a", "time": 1791033576.43, "alt_ft": 50}}, {"type": "Feature", "geometry": {"type": "Point", "coordinates": [17.904327, 59.575012]}, "properties": {"sighting_id": 1132, "icao": "440549", "time": 1791033576.93, "alt_ft": 3250}}, {"type": "Feature", "geometry": {"type": "Point", "coordinates": [17.614115, 59.445113]}, "properties": {"sighting_id": 1132, "icao": "4cafcf", "time": 1791033577.15, "alt_ft": 11000}}, {"type": "Feature", "geometry": {"type": "Point", "coordinates": [17.697175, 59.352893]}, "properties": {"sighting_id": 1132, "icao": "4aacaf", "time": 1791033577.36, "alt_ft": 325}}, {"type": "Feature", "geometry": {"type": "Point", "coordinates": [17.780965, 59.371717]}, "properties": {"sighting_id": 1132, "icao": "4ab315", "time": 1791033577.7, "alt_ft": 1175}}, {"type": "Feature", "geometry": {"type": "Point", "coordinates": [18.43313, 59.492344]}, "properties": {"sighting_id": 1132, "icao": "4a8e0c", "time": 1791033577.84, "alt_ft": 1100}}, {"type": "Feature", "geometry": {"type": "Point", "coordinates": [17.905518, 59.573456]}, "properties": {"sighting_id": 1132, "icao": "440549", "time": 1791033578.33, "alt_ft": 3350}}, {"type": "Feature", "geometry": {"type": "Point", "coordinates": [18.179532, 59.837502]}, "properties": {"sighting_id": 1132, "icao": "4ab565", "time": 1791033578.33, "alt_ft": 3050}}, {"type": "Feature", "geometry": {"type": "Point", "coordinates": [18.44273, 59.351962]}, "properties": {"sighting_id": 1132, "icao": "4aaa4a", "time": 1791033578.92, "alt_ft": 25}}, {"type": "Feature", "geometry": {"type": "Point", "coordinates": [18.314209, 59.257324]}, "properties": {"sighting_id": 1132, "icao": "4a9755", "time": 1791033579.33, "alt_ft": 700}}, {"type": "Feature", "geometry": {"type": "Point", "coordinates": [17.906982, 59.571854]}, "properties": {"sighting_id": 1132, "icao": "440549", "time": 1791033580.0, "alt_ft": 3425}}, {"type": "Feature", "geometry": {"type": "Point", "coordinates": [17.699249, 59.352173]}, "properties": {"sighting_id": 1132, "icao": "4aacaf", "time": 1791033580.32, "alt_ft": 325}}, {"type": "Feature", "geometry": {"type": "Point", "coordinates": [18.440741, 59.352055]}, "properties": {"sighting_id": 1132, "icao": "4aaa4a", "time": 1791033580.91, "alt_ft": 25}}, {"type": "Feature", "geometry": {"type": "Point", "coordinates": [17.908473, 59.570385]}, "properties": {"sighting_id": 1132, "icao": "440549", "time": 1791033581.58, "alt_ft": 3500}}, {"type": "Feature", "geometry": {"type": "Point", "coordinates": [18.439819, 59.352173]}, "properties": {"sighting_id": 1132, "icao": "4aaa4a", "time": 1791033581.89, "alt_ft": 25}}, {"type": "Feature", "geometry": {"type": "Point", "coordinates": [18.17157, 59.837631]}, "properties": {"sighting_id": 1132, "icao": "4ab565", "time": 1791033582.76, "alt_ft": 2975}}, {"type": "Feature", "geometry": {"type": "Point", "coordinates": [18.145203, 59.12796]}, "properties": {"sighting_id": 1132, "icao": "4ab56f", "time": 1791033582.81, "alt_ft": 11850}}, {"type": "Feature", "geometry": {"type": "Point", "coordinates": [17.910004, 59.569016]}, "properties": {"sighting_id": 1132, "icao": "440549", "time": 1791033582.94, "alt_ft": 3575}}, {"type": "Feature", "geometry": {"type": "Point", "coordinates": [17.980073, 59.229529]}, "properties": {"sighting_id": 1132, "icao": "4aad15", "time": 1791033583.22, "alt_ft": 925}}, {"type": "Feature", "geometry": {"type": "Point", "coordinates": [17.701153, 59.35131]}, "properties": {"sighting_id": 1132, "icao": "4aacaf", "time": 1791033583.26, "alt_ft": 325}}, {"type": "Feature", "geometry": {"type": "Point", "coordinates": [18.31604, 59.255219]}, "properties": {"sighting_id": 1132, "icao": "4a9755", "time": 1791033584.11, "alt_ft": 700}}, {"type": "Feature", "geometry": {"type": "Point", "coordinates": [17.601992, 59.436361]}, "properties": {"sighting_id": 1132, "icao": "4cafcf", "time": 1791033584.37, "alt_ft": 11100}}, {"type": "Feature", "geometry": {"type": "Point", "coordinates": [17.912261, 59.567312]}, "properties": {"sighting_id": 1132, "icao": "440549", "time": 1791033584.73, "alt_ft": 3650}}, {"type": "Feature", "geometry": {"type": "Point", "coordinates": [17.978747, 59.230042]}, "properties": {"sighting_id": 1132, "icao": "4aad15", "time": 1791033585.01, "alt_ft": 950}}, {"type": "Feature", "geometry": {"type": "Point", "coordinates": [18.316498, 59.254486]}, "properties": {"sighting_id": 1132, "icao": "4a9755", "time": 1791033585.68, "alt_ft": 700}}, {"type": "Feature", "geometry": {"type": "Point", "coordinates": [17.914124, 59.565903]}, "properties": {"sighting_id": 1132, "icao": "440549", "time": 1791033586.24, "alt_ft": 3725}}, {"type": "Feature", "geometry": {"type": "Point", "coordinates": [18.435516, 59.352768]}, "properties": {"sighting_id": 1132, "icao": "4aaa4a", "time": 1791033586.38, "alt_ft": 25}}, {"type": "Feature", "geometry": {"type": "Point", "coordinates": [17.703003, 59.350342]}, "properties": {"sighting_id": 1132, "icao": "4aacaf", "time": 1791033586.39, "alt_ft": 300}}, {"type": "Feature", "geometry": {"type": "Point", "coordinates": [18.164429, 59.837769]}, "properties": {"sighting_id": 1132, "icao": "4ab565", "time": 1791033586.84, "alt_ft": 2900}}, {"type": "Feature", "geometry": {"type": "Point", "coordinates": [17.977326, 59.230647]}, "properties": {"sighting_id": 1132, "icao": "4aad15", "time": 1791033586.96, "alt_ft": 950}}, {"type": "Feature", "geometry": {"type": "Point", "coordinates": [18.316577, 59.253876]}, "properties": {"sighting_id": 1132, "icao": "4a9755", "time": 1791033587.43, "alt_ft": 700}}, {"type": "Feature", "geometry": {"type": "Point", "coordinates": [17.768723, 59.372612]}, "properties": {"sighting_id": 1132, "icao": "4ab315", "time": 1791033587.55, "alt_ft": 1200}}, {"type": "Feature", "geometry": {"type": "Point", "coordinates": [18.388131, 59.485566]}, "properties": {"sighting_id": 1132, "icao": "4a8e0c", "time": 1791033587.83, "alt_ft": 1100}}, {"type": "Feature", "geometry": {"type": "Point", "coordinates": [17.916412, 59.564484]}, "properties": {"sighting_id": 1132, "icao": "440549", "time": 1791033587.89, "alt_ft": 3800}}, {"type": "Feature", "geometry": {"type": "Point", "coordinates": [18.316482, 59.253178]}, "properties": {"sighting_id": 1132, "icao": "4a9755", "time": 1791033588.86, "alt_ft": 700}}, {"type": "Feature", "geometry": {"type": "Point", "coordinates": [17.975906, 59.231438]}, "properties": {"sighting_id": 1132, "icao": "4aad15", "time": 1791033589.56, "alt_ft": 950}}, {"type": "Feature", "geometry": {"type": "Point", "coordinates": [17.91925, 59.562836]}, "properties": {"sighting_id": 1132, "icao": "440549", "time": 1791033589.79, "alt_ft": 3875}}, {"type": "Feature", "geometry": {"type": "Point", "coordinates": [18.316223, 59.252747]}, "properties": {"sighting_id": 1132, "icao": "4a9755", "time": 1791033589.84, "alt_ft": 725}}, {"type": "Feature", "geometry": {"type": "Point", "coordinates": [17.975281, 59.231827]}, "properties": {"sighting_id": 1132, "icao": "4aad15", "time": 1791033590.25, "alt_ft": 975}}, {"type": "Feature", "geometry": {"type": "Point", "coordinates": [17.705109, 59.348969]}, "properties": {"sighting_id": 1132, "icao": "4aacaf", "time": 1791033590.32, "alt_ft": 300}}, {"type": "Feature", "geometry": {"type": "Point", "coordinates": [17.590393, 59.427887]}, "properties": {"sighting_id": 1132, "icao": "4cafcf", "time": 1791033591.05, "alt_ft": 11225}}, {"type": "Feature", "geometry": {"type": "Point", "coordinates": [17.921732, 59.561493]}, "properties": {"sighting_id": 1132, "icao": "440549", "time": 1791033591.35, "alt_ft": 3950}}, {"type": "Feature", "geometry": {"type": "Point", "coordinates": [18.155286, 59.837967]}, "properties": {"sighting_id": 1132, "icao": "4ab565", "time": 1791033592.02, "alt_ft": 2825}}, {"type": "Feature", "geometry": {"type": "Point", "coordinates": [18.315491, 59.251831]}, "properties": {"sighting_id": 1132, "icao": "4a9755", "time": 1791033592.19, "alt_ft": 725}}, {"type": "Feature", "geometry": {"type": "Point", "coordinates": [17.58788, 59.426073]}, "properties": {"sighting_id": 1132, "icao": "4cafcf", "time": 1791033592.53, "alt_ft": 11250}}, {"type": "Feature", "geometry": {"type": "Point", "coordinates": [18.147858, 59.117294]}, "properties": {"sighting_id": 1132, "icao": "4ab56f", "time": 1791033592.94, "alt_ft": 12000}}, {"type": "Feature", "geometry": {"type": "Point", "coordinates": [17.925018, 59.559952]}, "properties": {"sighting_id": 1132, "icao": "440549", "time": 1791033593.24, "alt_ft": 4025}}, {"type": "Feature", "geometry": {"type": "Point", "coordinates": [17.973724, 59.233109]}, "properties": {"sighting_id": 1132, "icao": "4aad15", "time": 1791033593.25, "alt_ft": 975}}, {"type": "Feature", "geometry": {"type": "Point", "coordinates": [17.586273, 59.424911]}, "properties": {"sighting_id": 1132, "icao": "4cafcf", "time": 1791033593.46, "alt_ft": 11275}}, {"type": "Feature", "geometry": {"type": "Point", "coordinates": [17.584534, 59.42363]}, "properties": {"sighting_id": 1132, "icao": "4cafcf", "time": 1791033594.41, "alt_ft": 11300}}, {"type": "Feature", "geometry": {"type": "Point", "coordinates": [17.707498, 59.34726]}, "properties": {"sighting_id": 1132, "icao": "4aacaf", "time": 1791033595.18, "alt_ft": 325}}, {"type": "Feature", "geometry": {"type": "Point", "coordinates": [17.92868, 59.558395]}, "properties": {"sighting_id": 1132, "icao": "440549", "time": 1791033595.27, "alt_ft": 4100}}, {"type": "Feature", "geometry": {"type": "Point", "coordinates": [17.581512, 59.421432]}, "properties": {"sighting_id": 1132, "icao": "4cafcf", "time": 1791033596.14, "alt_ft": 11350}}, {"type": "Feature", "geometry": {"type": "Point", "coordinates": [18.147217, 59.838089]}, "properties": {"sighting_id": 1132, "icao": "4ab565", "time": 1791033596.72, "alt_ft": 2750}}, {"type": "Feature", "geometry": {"type": "Point", "coordinates": [17.763275, 59.371266]}, "properties": {"sighting_id": 1132, "icao": "4ab315", "time": 1791033596.8, "alt_ft": 1200}}, {"type": "Feature", "geometry": {"type": "Point", "coordinates": [17.933381, 59.556419]}, "properties": {"sighting_id": 1132, "icao": "440549", "time": 1791033597.77, "alt_ft": 4175}}, {"type": "Feature", "geometry": {"type": "Point", "coordinates": [17.971344, 59.23494]}, "properties": {"sighting_id": 1132, "icao": "4aad15", "time": 1791033597.83, "alt_ft": 975}}, {"type": "Feature", "geometry": {"type": "Point", "coordinates": [17.578125, 59.418915]}, "properties": {"sighting_id": 1132, "icao": "4cafcf", "time": 1791033598.07, "alt_ft": 11450}}, {"type": "Feature", "geometry": {"type": "Point", "coordinates": [18.313451, 59.249547]}, "properties": {"sighting_id": 1132, "icao": "4a9755", "time": 1791033598.42, "alt_ft": 750}}, {"type": "Feature", "geometry": {"type": "Point", "coordinates": [17.709045, 59.345993]}, "properties": {"sighting_id": 1132, "icao": "4aacaf", "time": 1791033598.67, "alt_ft": 300}}]}